COD_PERSONA,prob_0,prob_1,pc1,pc2
18,0.4571396784494306,0.5428603215505694,88.865072010652,-118.57417169734885
48,0.5059528824572601,0.49404711754273994,46.63526138754593,-22.569912793195204
88,0.9666666666666668,0.03333333333333333,131.2129551488536,-67.21274804347838
93,0.6933333333333334,0.3066666666666667,140.64095961184753,-61.92467464632555
99,0.4571396784494306,0.5428603215505694,83.31015532321547,-114.53494062759032
100,0.4571396784494306,0.5428603215505694,83.24254999899624,-114.37467595509327
107,0.6421428571428571,0.3578571428571428,305.06809247115945,105.89407974411228
145,0.4590429562802859,0.5409570437197142,167.55334029390707,-54.87592066256892
161,0.5515089458596323,0.44849105414036766,87.28884683898774,-117.30446290886628
165,0.4590429562802859,0.5409570437197142,88.39505557374919,-118.1130147558459
185,0.5059528824572601,0.49404711754273994,86.41078699206324,-117.23059498136479
204,0.9,0.1,83.32076317783522,-114.55142717359965
209,0.4590429562802859,0.5409570437197142,86.74992971675249,-117.67705584041619
240,0.4571396784494306,0.5428603215505694,155.1717676873351,-52.78067439090484
285,0.9492682926829268,0.050731707317073174,87.90710559448104,-117.71107571589512
286,0.5059528824572601,0.49404711754273994,8.714531573022471,-41.02395184902455
320,0.4590429562802859,0.5409570437197142,84.70352246281011,-115.39169987822076
331,0.4571396784494306,0.5428603215505694,9.960557259161018,-42.749841956388835
388,0.5059528824572601,0.49404711754273994,181.39617856152248,-16.955776805204017
409,0.4571396784494306,0.5428603215505694,88.50666444235236,-118.23490739605187
525,0.6113095238095237,0.3886904761904762,31.03113219169624,-15.751838489046653
544,0.5059528824572601,0.49404711754273994,86.51359729763223,-116.79798699014181
592,0.5059528824572601,0.49404711754273994,243.63407107558876,44.08234098770894
631,0.4590429562802859,0.5409570437197142,141.46577934556112,-61.31517118700744
638,0.5059528824572601,0.49404711754273994,179.39876791075264,-23.614515773567636
650,0.3208103829531927,0.6791896170468072,5.004232876899016,-37.952070633354765
708,0.4571396784494306,0.5428603215505694,470.9867716748111,270.7027385572277
738,0.4571396784494306,0.5428603215505694,86.76429797468175,-117.41280761251836
745,0.6421428571428571,0.3578571428571428,418.2185473232083,380.76327729612797
884,0.4590429562802859,0.5409570437197142,88.53725575127882,-118.51583344018846
886,0.3208103829531927,0.6791896170468072,1245.7915497510642,1056.2406551589004
887,0.4571396784494306,0.5428603215505694,133.29888071274564,-66.47658098876268
953,0.4571396784494306,0.5428603215505694,84.42054024306286,-115.24301160167822
955,0.5059528824572601,0.49404711754273994,86.17840112623055,-117.22974785250314
956,0.3208103829531927,0.6791896170468072,87.7726778355118,-117.42651524452978
973,0.5059528824572601,0.49404711754273994,83.59322733672147,-114.82208389056896
984,0.4590429562802859,0.5409570437197142,144.9306507401178,-58.78197359179938
1012,0.5059528824572601,0.49404711754273994,10.28045231717971,-42.84456640538442
1022,0.4571396784494306,0.5428603215505694,92.13801183415308,-121.35486966787897
1036,0.4590429562802859,0.5409570437197142,215.76002539446765,20.378164651014416
1049,0.9492682926829268,0.050731707317073174,126.5025468448937,-69.82060784881922
1071,0.5059528824572601,0.49404711754273994,92.45579320553463,-122.18388984120139
1087,0.5059528824572601,0.49404711754273994,90.05512557946341,-119.38213862282153
1097,0.5059528824572601,0.49404711754273994,90.01850166859775,-119.27452262999475
1124,0.4571396784494306,0.5428603215505694,91.49411915445978,-121.50461197289268
1127,0.5059528824572601,0.49404711754273994,132.19792674592432,-66.82754275695632
1140,0.37148301389013455,0.6285169861098654,89.96172317077168,-119.34577875560004
1175,0.5059528824572601,0.49404711754273994,73.2192799266429,7.470592451921286
1191,0.3208103829531927,0.6791896170468072,89.54371795195064,-119.58506254739916
1212,0.4571396784494306,0.5428603215505694,83.59446532335915,-114.48462212033336
1230,0.4590429562802859,0.5409570437197142,83.40433257097493,-114.56906846785843
1259,0.4590429562802859,0.5409570437197142,87.84094780753922,-117.41379979873459
1263,0.4571396784494306,0.5428603215505694,83.15212470768647,-114.21975470158787
1273,0.4571396784494306,0.5428603215505694,91.1162771109913,-120.58903971430206
1280,0.5059528824572601,0.49404711754273994,84.580019086133,-115.30599815857856
1286,0.4590429562802859,0.5409570437197142,82.80931434507725,-113.75854465862707
1296,0.37148301389013455,0.6285169861098654,138.8592811067778,-67.54285404580365
1305,0.5059528824572601,0.49404711754273994,86.14859847014236,-116.13328091434863
1332,0.4590429562802859,0.5409570437197142,85.91312405832318,-116.21835863223733
1383,0.4590429562802859,0.5409570437197142,137.6256010498236,-63.21468322814224
1399,0.4571396784494306,0.5428603215505694,83.58357661765842,-114.37640692682905
1406,0.4571396784494306,0.5428603215505694,187.6385213610036,-11.428922437634393
1409,0.4571396784494306,0.5428603215505694,768.0285528995272,626.6400485293249
1416,0.4571396784494306,0.5428603215505694,90.15952878351968,-119.40928240447036
1424,0.4571396784494306,0.5428603215505694,160.16516651481032,-59.11764271891454
1433,0.5059528824572601,0.49404711754273994,89.33490592071803,-119.59247294459595
1462,0.5059528824572601,0.49404711754273994,87.1899826996643,-117.0359589982359
1464,0.4668872069079898,0.5331127930920102,87.02646189305968,-117.97645440596061
1625,0.4571396784494306,0.5428603215505694,86.20314222715989,-116.03127376548997
1637,0.4571396784494306,0.5428603215505694,84.54064868869237,-114.92258284510996
1664,0.4571396784494306,0.5428603215505694,84.9126767160861,-115.50021111185366
1672,0.4590429562802859,0.5409570437197142,24.01761655565893,-55.47812075314253
1702,0.4668872069079898,0.5331127930920102,98.12826321524027,-127.62250919062485
1744,0.4571396784494306,0.5428603215505694,344.65027195595843,148.2297993268414
1753,0.4571396784494306,0.5428603215505694,83.35333754935087,-114.22310943540151
1820,0.6113095238095237,0.3886904761904762,83.2286004744645,-114.41706055300001
1822,0.5059528824572601,0.49404711754273994,82.77719056473214,-113.83961899015897
1936,0.4571396784494306,0.5428603215505694,84.08656512962068,-114.82419524055999
1965,0.4571396784494306,0.5428603215505694,90.84938716384235,-120.25118473044638
2003,0.4571396784494306,0.5428603215505694,94.98875407084876,-123.50997126638536
2020,0.5059528824572601,0.49404711754273994,131.588567645841,-70.50789383024008
2026,0.4571396784494306,0.5428603215505694,93.10268282855228,-122.64261435154891
2060,0.4571396784494306,0.5428603215505694,86.06213235794063,-117.04615006267073
2214,0.4571396784494306,0.5428603215505694,89.78476256233867,-119.44011115366403
2256,0.5059528824572601,0.49404711754273994,88.11077577205603,-117.78563273626543
2426,0.4571396784494306,0.5428603215505694,85.7923144880462,-115.92948596247747
2445,0.4590429562802859,0.5409570437197142,145.04828615671286,-64.74983034029317
2463,0.4590429562802859,0.5409570437197142,53.351315377112584,-24.51952064560052
3001,0.4668872069079898,0.5331127930920102,88.31693716327659,-118.34544097680838
3105,0.4590429562802859,0.5409570437197142,86.14095723671448,-116.40796887697178
3162,0.4571396784494306,0.5428603215505694,88.4206317110746,-117.93099452157867
3173,0.4668872069079898,0.5331127930920102,85.88530510329858,-116.7800157563278
3195,0.4571396784494306,0.5428603215505694,84.60918261946588,-115.10656296399783
3494,0.5059528824572601,0.49404711754273994,87.00715985658708,-117.75250413367522
3552,0.3208103829531927,0.6791896170468072,85.09375379439895,-115.51823175519235
3607,0.4590429562802859,0.5409570437197142,187.87681249414402,-11.792682406393443
4869,0.4590429562802859,0.5409570437197142,31.233729321176895,-63.48864620909905
5090,0.4668872069079898,0.5331127930920102,48.33875105559079,-79.89995891076215
5367,0.4571396784494306,0.5428603215505694,419.89328684452437,211.52914072234168
5415,0.4590429562802859,0.5409570437197142,113.57375489377478,-44.98731872076934
5499,0.7695035460992908,0.23049645390070922,86.77795804298346,-117.83214995953873
5510,0.5059528824572601,0.49404711754273994,96.170374843402,-126.07328562065001
5573,0.4571396784494306,0.5428603215505694,89.23358164078468,-119.07432568800033
5596,0.5059528824572601,0.49404711754273994,92.53850021185751,-122.83833249315985
5853,0.4571396784494306,0.5428603215505694,92.43867465557013,-122.65467194130117
5974,0.4590429562802859,0.5409570437197142,92.37670670825152,-121.83750568783144
6010,0.4571396784494306,0.5428603215505694,74.26351628729095,-104.93636930844737
6616,0.4571396784494306,0.5428603215505694,474.3309621532068,276.6427485826838
6652,0.4590429562802859,0.5409570437197142,151.20718987444315,-62.0669714600491
6697,0.4571396784494306,0.5428603215505694,88.95922260808011,-119.64569003218578
6700,0.4571396784494306,0.5428603215505694,144.84699740116918,-63.16482503485179
7703,0.4571396784494306,0.5428603215505694,36.5775620150617,-68.60676368161737
8060,0.9119230769230768,0.08807692307692308,86.48895333859825,-117.36648452744251
8092,0.4571396784494306,0.5428603215505694,97.68950986013208,-127.20104647404963
8159,0.3208103829531927,0.6791896170468072,154.73722018159467,-59.90032330564093
8347,0.4571396784494306,0.5428603215505694,332.064157697303,132.53899389241067
8741,0.4590429562802859,0.5409570437197142,86.85095873470308,-117.72793464576161
8796,0.5059528824572601,0.49404711754273994,396.87238006301646,243.18955102538132
8839,0.4590429562802859,0.5409570437197142,303.9485550989017,118.74071880308351
9324,0.4571396784494306,0.5428603215505694,93.87949615826822,-123.66440190016698
9437,0.4571396784494306,0.5428603215505694,447.76141580346456,243.29530569318143
9690,0.4668872069079898,0.5331127930920102,168.93169023127604,28.337360511646004
9697,0.4571396784494306,0.5428603215505694,91.83284545311139,-122.50524777954095
9747,0.4668872069079898,0.5331127930920102,87.07224829324562,-118.26167723331679
9749,0.4571396784494306,0.5428603215505694,90.6604038532381,-121.21283469203212
9813,0.5515089458596323,0.44849105414036766,89.8493021043726,-120.2746421140277
10039,0.3208103829531927,0.6791896170468072,84.03394004659451,-114.90395644674442
10378,1.0,0.0,92.19841416614585,-122.60775245198873
10481,0.4571396784494306,0.5428603215505694,92.70358875915221,-122.46914104587546
10482,0.4590429562802859,0.5409570437197142,478.8613086204397,272.1522171167617
10519,0.4571396784494306,0.5428603215505694,87.62730905684111,-117.69305510537451
10726,0.5059528824572601,0.49404711754273994,86.20322544366482,-116.48784349522477
10788,0.3208103829531927,0.6791896170468072,95.52762124319285,-125.18041043787665
12154,0.4668872069079898,0.5331127930920102,-15.248782668510671,-17.719331182810645
12575,0.6915584415584415,0.3084415584415584,281.2245225922645,154.57388382278538
12797,0.4571396784494306,0.5428603215505694,162.88645189661582,-63.8111375111762
13681,0.4590429562802859,0.5409570437197142,282.75273594655056,152.23332757285237
14101,0.4668872069079898,0.5331127930920102,96.3263535669095,-32.043418589489704
14508,0.4571396784494306,0.5428603215505694,88.49278795844575,-118.86364830715716
14514,0.4590429562802859,0.5409570437197142,230.50950638631545,26.9746076149974
15083,0.3208103829531927,0.6791896170468072,94.5807265017379,-125.17834772808726
15116,0.5059528824572601,0.49404711754273994,95.94158241746587,-126.26345012774505
15185,0.4571396784494306,0.5428603215505694,89.1396682733374,-119.67909171839179
15194,0.5515089458596323,0.44849105414036766,126.72581982580789,-48.030507486773175
15218,0.4571396784494306,0.5428603215505694,83.22722832500855,-114.39926397191805
15586,0.4571396784494306,0.5428603215505694,420.98142259070306,218.76002245501297
16472,0.4571396784494306,0.5428603215505694,98.29890012674456,-127.56076048932022
16644,0.4571396784494306,0.5428603215505694,94.28541470958415,-124.90193708552752
16712,0.4571396784494306,0.5428603215505694,93.07603034136058,-123.33464041694094
17055,0.4571396784494306,0.5428603215505694,90.09917439276762,-120.90130290457422
17142,0.4571396784494306,0.5428603215505694,88.12211272522804,-119.08265168642266
17143,0.4571396784494306,0.5428603215505694,96.19796821972828,-126.03610572470521
17279,0.4668872069079898,0.5331127930920102,50.761577721038286,-80.29932930939458
17455,0.4571396784494306,0.5428603215505694,63.91737763079352,-95.16957083409888
17695,0.5059528824572601,0.49404711754273994,94.77273850331255,-124.8268190211181
17964,0.4571396784494306,0.5428603215505694,210.05575574126732,3.2867348907041385
18099,0.4571396784494306,0.5428603215505694,208.5995148204239,-0.798630723658961
18365,0.7411320584786059,0.2588679415213942,235.9565591368116,43.095453964638914
18666,0.7411320584786059,0.2588679415213942,112.93214503486307,-58.13818204714889
19129,0.4668872069079898,0.5331127930920102,74.93576505704958,-105.12794433576892
19170,0.4668872069079898,0.5331127930920102,88.75855480144034,-119.32133423874555
19184,0.4590429562802859,0.5409570437197142,143.6301393605775,-65.19702560573407
19212,0.4571396784494306,0.5428603215505694,63.8537988240309,-95.37252197658832
19260,0.7411320584786059,0.2588679415213942,141.96703902671345,-66.22940391908693
19269,0.4668872069079898,0.5331127930920102,76.08408767361875,-106.54451329575454
19355,0.4571396784494306,0.5428603215505694,87.83556284959452,-118.57518262153634
19391,0.5515089458596323,0.44849105414036766,-30.091665120236556,-3.721227321917738
19395,0.4590429562802859,0.5409570437197142,90.87729037506614,-121.58623922462542
19398,0.4571396784494306,0.5428603215505694,91.44730837567067,-122.33208245895506
19476,0.4590429562802859,0.5409570437197142,72.11861144988097,-102.1939753574838
19498,0.4590429562802859,0.5409570437197142,136.495833513791,-72.74388400980489
19583,0.4571396784494306,0.5428603215505694,89.00418084089533,-119.28805042260008
19672,0.4571396784494306,0.5428603215505694,94.27817455081983,-124.54789170909119
20017,0.5059528824572601,0.49404711754273994,97.31062645197387,-127.43627776106797
20060,0.5059528824572601,0.49404711754273994,87.62713792832957,-118.61018589180429
20083,0.4571396784494306,0.5428603215505694,97.54918296629134,-127.63240576097152
20131,0.4590429562802859,0.5409570437197142,92.02819167487517,-122.2480104700149
20344,0.4571396784494306,0.5428603215505694,245.02454074847907,108.89559364586815
20484,0.4571396784494306,0.5428603215505694,89.67070695027932,-120.58590188995163
20579,0.4590429562802859,0.5409570437197142,88.39706639381353,-118.84421836225944
20920,0.4668872069079898,0.5331127930920102,87.2808541469706,-118.22492121150586
22171,0.4668872069079898,0.5331127930920102,87.73873136065657,-118.93062040711422
22420,0.4571396784494306,0.5428603215505694,75.57016334600488,-105.16465781876275
22526,0.5059528824572601,0.49404711754273994,94.33398804653311,-124.92777249753736
22575,0.5059528824572601,0.49404711754273994,93.5311099960347,-124.413947392406
22588,0.9119230769230768,0.08807692307692308,88.9120821701727,-119.02945181432999
22702,0.4571396784494306,0.5428603215505694,93.80855914200635,-124.505370305413
22706,0.4571396784494306,0.5428603215505694,96.95473026849945,-127.37590275411101
22802,0.4571396784494306,0.5428603215505694,91.049938148121,-122.05667800497879
22967,0.5059528824572601,0.49404711754273994,85.9803752278738,-116.43541405131845
23042,0.7411320584786059,0.2588679415213942,68.57600939475536,-99.79128751298377
23075,0.5059528824572601,0.49404711754273994,94.72028530496704,-125.14853680585006
23142,0.5515089458596323,0.44849105414036766,116.92320411391016,-46.926621537704186
23231,0.5059528824572601,0.49404711754273994,87.87935602359104,-118.9760303314992
23859,0.4590429562802859,0.5409570437197142,76.33609530030533,-106.52524077003771
23880,0.9119230769230768,0.08807692307692308,14.453801789743023,-46.78349914530681
23905,0.4571396784494306,0.5428603215505694,-15.581266505520308,-17.230264640843508
24507,0.4590429562802859,0.5409570437197142,245.13139042000282,33.696762443469304
24544,0.3208103829531927,0.6791896170468072,139.75888631082958,-58.3700137894276
24556,0.5515089458596323,0.44849105414036766,127.06893772092764,-57.40434987275267
24631,0.5875,0.4125,135.17343985320463,-61.08208326893578
24740,0.4571396784494306,0.5428603215505694,72.27195948664726,-103.42709769216356
24873,0.5059528824572601,0.49404711754273994,94.71617939660705,-125.18242179836922
25012,0.4571396784494306,0.5428603215505694,-21.034848077275957,-11.68117868714916
25273,0.4590429562802859,0.5409570437197142,88.39534847537642,-119.2114385585347
25360,0.4571396784494306,0.5428603215505694,87.4465569874042,-118.34078683313162
25401,0.4571396784494306,0.5428603215505694,89.60324262448853,-120.43380323609767
25485,0.4571396784494306,0.5428603215505694,43.38888228472057,55.35086229234272
25550,0.4571396784494306,0.5428603215505694,65.84455541782091,-97.0120331676108
25956,0.4571396784494306,0.5428603215505694,82.08507666930907,-112.55907303430689
26068,1.0,0.0,89.29477560619819,-120.2880823990706
26148,0.4571396784494306,0.5428603215505694,-0.7078803194004701,-31.366618056040867
26391,0.5059528824572601,0.49404711754273994,56.32779085645388,-87.37689755960376
26419,0.7411320584786059,0.2588679415213942,77.45076896938954,-108.07192988867358
26433,0.4571396784494306,0.5428603215505694,89.51987917741523,-120.39337774176073
26436,0.4571396784494306,0.5428603215505694,46.87429587906573,-77.50805614225266
26632,0.4590429562802859,0.5409570437197142,40.90572398983782,-71.644386262577
26650,0.4571396784494306,0.5428603215505694,88.6348495956997,-119.22834055569291
26733,0.4571396784494306,0.5428603215505694,-23.235456764158645,32.98994773264059
26813,0.4590429562802859,0.5409570437197142,139.1073090874327,-72.40598436288107
26908,0.4590429562802859,0.5409570437197142,137.12035918678447,-71.98655746690541
27073,0.4590429562802859,0.5409570437197142,137.93007342463378,-65.40903708303965
27820,0.4590429562802859,0.5409570437197142,116.96686886099066,-60.263321272888504
28062,0.4571396784494306,0.5428603215505694,64.88598865927,-95.57795352934305
28445,1.0,0.0,75.11135319066679,-105.86371624343691
28587,0.9492682926829268,0.050731707317073174,28.142734320576018,-59.81927664942281
28602,0.6933333333333334,0.3066666666666667,84.10301048646721,-115.08232782089516
28704,1.0,0.0,72.0518460606834,-103.05224287310065
28739,1.0,0.0,76.94250837525321,-108.02033354180604
28784,0.4571396784494306,0.5428603215505694,52.21757433412166,-83.51468746995575
28823,0.4571396784494306,0.5428603215505694,36.52835630630387,-67.93445248184948
28846,0.4571396784494306,0.5428603215505694,51.65661048379492,-14.383650189636242
28932,0.4590429562802859,0.5409570437197142,62.68739401588882,-93.54321537490966
28962,0.4571396784494306,0.5428603215505694,-3.8808898137133303,-28.405681927227608
29000,0.4571396784494306,0.5428603215505694,56.36767984554376,-87.79329474905978
29038,0.4571396784494306,0.5428603215505694,78.35758263821813,-109.51558911467839
29084,0.4571396784494306,0.5428603215505694,33.5613709553257,-65.23289045783359
29097,0.4668872069079898,0.5331127930920102,51.849008178879906,-10.066998505787772
29151,0.4590429562802859,0.5409570437197142,67.01518341842578,-97.95475093628608
29192,0.4571396784494306,0.5428603215505694,-5.092953062299999,107.18173885041989
29233,1.0,0.0,29.34761322065335,-61.69263992426916
29241,0.4668872069079898,0.5331127930920102,25.806386702512953,-58.14995286466077
29326,0.4571396784494306,0.5428603215505694,20.89433923694799,-51.99151501812861
29383,0.4571396784494306,0.5428603215505694,89.26270716670638,-120.23079155778395
29413,0.5059528824572601,0.49404711754273994,57.868017365301874,-88.94938124086234
29442,0.4571396784494306,0.5428603215505694,64.6433244787516,-95.8480386292464
29454,0.4668872069079898,0.5331127930920102,69.30268685871779,-100.42552749483856
29547,0.4571396784494306,0.5428603215505694,36.85806999976075,-68.34568337691246
29758,0.4590429562802859,0.5409570437197142,19.506997062340016,6.244797070243997
29904,0.4571396784494306,0.5428603215505694,37.251068902861896,-68.71180546295254
30292,0.4571396784494306,0.5428603215505694,53.49517212776656,-84.23417003002987
30828,0.6599999999999999,0.33999999999999997,9.463310162193332,-42.135252849750714
31497,0.4571396784494306,0.5428603215505694,-26.441385356841657,-7.075149585848028
32091,0.4571396784494306,0.5428603215505694,18.104673875444682,-49.759169303501196
32147,0.4571396784494306,0.5428603215505694,9.678401813561827,-41.8107061047531
32255,0.7411320584786059,0.2588679415213942,15.913007632001895,8.379134870971452
32304,0.4571396784494306,0.5428603215505694,6.6570299750126285,-38.79329234484903
32324,0.9119230769230768,0.08807692307692308,54.70302538057625,-85.9755802030125
32393,0.5059528824572601,0.49404711754273994,32.05809997975421,-64.37199968581842
32589,1.0,0.0,54.22954563844932,-85.9681955099711
32595,0.4571396784494306,0.5428603215505694,51.1345502007106,-83.10303890897598
32651,1.0,0.0,48.895319522562076,-80.79203008100693
32735,0.4571396784494306,0.5428603215505694,25.708374742868312,-57.51969219398546
32773,0.4571396784494306,0.5428603215505694,-26.274789049280194,-6.664419149465309
32807,1.0,0.0,51.66960440479001,-83.41874293999913
32812,0.4590429562802859,0.5409570437197142,11.650162170878057,-43.763422768057175
32815,0.4571396784494306,0.5428603215505694,50.98293167228262,-82.77315124073712
32831,0.4668872069079898,0.5331127930920102,42.432481619571305,-14.172994761155351
32858,0.5515089458596323,0.44849105414036766,49.1939049636598,-81.0819760373887
32860,0.5059528824572601,0.49404711754273994,34.73724640820261,-66.79927674023979
32899,1.0,0.0,53.187982805671844,-84.99526084103965
32920,0.4571396784494306,0.5428603215505694,27.83059262517375,-60.18669468597065
33000,0.5515089458596323,0.44849105414036766,28.74918287578696,-60.49800196172891
33099,0.4571396784494306,0.5428603215505694,41.66658576701389,-73.59798477654202
33140,0.7411320584786059,0.2588679415213942,-59.11164613979036,24.553338013559813
33197,0.4590429562802859,0.5409570437197142,25.911658812035718,-57.97380784484837
33277,0.9119230769230768,0.08807692307692308,51.177922974578806,-83.14306246131552
33392,0.4571396784494306,0.5428603215505694,26.8268195119677,-58.82169007458088
33397,0.4571396784494306,0.5428603215505694,5.2283315697900115,55.12761291786454
33410,0.4571396784494306,0.5428603215505694,19.54721691896961,-51.395765035744006
33457,0.7411320584786059,0.2588679415213942,-20.791424675082293,-12.115158124889726
33503,0.4571396784494306,0.5428603215505694,-80.05389237300153,45.64136198694738
33789,0.5515089458596323,0.44849105414036766,-7.241694226752827,-25.258946719657775
33890,1.0,0.0,62.6019367091822,-94.26807868368536
34362,1.0,0.0,18.227585608342626,-50.840910480058874
34481,0.9,0.1,20.66034426909877,-7.024663226886528
34844,0.4668872069079898,0.5331127930920102,-22.55067627008399,-10.211770692398618
34925,0.4590429562802859,0.5409570437197142,-40.42726070095066,57.46903476852874
35049,0.4571396784494306,0.5428603215505694,-16.458682368916367,25.72497389891096
35053,0.9119230769230768,0.08807692307692308,15.474888351842418,-48.35475992931116
35086,0.5059528824572601,0.49404711754273994,26.549641360613656,-10.148887033097909
35132,0.4571396784494306,0.5428603215505694,21.264988849457502,-53.879085546783784
35139,0.37148301389013455,0.6285169861098654,-9.934586078525745,16.28524344905349
35195,0.5059528824572601,0.49404711754273994,-19.537725741161715,-13.397311143238422
35275,0.4571396784494306,0.5428603215505694,-8.04630153547365,-24.6341866628732
35342,0.4571396784494306,0.5428603215505694,13.36466920095689,0.21058180385122016
35360,0.4590429562802859,0.5409570437197142,12.754898958029028,-45.495204996690596
35363,0.4571396784494306,0.5428603215505694,-29.45284605871255,-3.3291420829833602
35408,0.4571396784494306,0.5428603215505694,19.046266535559692,-51.71246767166364
35439,0.4571396784494306,0.5428603215505694,-37.53452785661153,4.677066528947994
35449,0.4571396784494306,0.5428603215505694,-12.135890646757483,-20.932840553091246
35560,0.4571396784494306,0.5428603215505694,-1.6593758043544584,-31.24548014573771
35629,0.4590429562802859,0.5409570437197142,-13.600253725269505,-19.062249715243485
35713,0.5059528824572601,0.49404711754273994,8.145093847662071,-40.80943026528951
35818,1.0,0.0,15.494543522747726,-48.37904927261928
35829,0.4571396784494306,0.5428603215505694,6.131455830785446,-38.77761787868733
35849,0.4590429562802859,0.5409570437197142,-23.51928311904676,25.36946690490351
35877,0.9119230769230768,0.08807692307692308,21.01360762925093,-53.64707279404463
35927,0.7870354434156024,0.21296455658439753,18.555805526306777,21.56525135766309
35972,0.9119230769230768,0.08807692307692308,15.209472892571712,21.82627734091079
36154,0.5515089458596323,0.44849105414036766,-44.40999372317367,66.39029963053856
36172,0.4590429562802859,0.5409570437197142,0.8933813814121931,3.872859815162937
36214,0.4571396784494306,0.5428603215505694,-51.985386262747745,19.196609753161496
36215,0.3208103829531927,0.6791896170468072,17.696547646451215,-50.36529909164078
36307,0.5059528824572601,0.49404711754273994,8.483715942398973,-0.8115328784676102
36449,0.4571396784494306,0.5428603215505694,8.397092292979494,-40.98153621889227
36513,0.4571396784494306,0.5428603215505694,-34.260277321856385,0.8575084228030917
36678,0.4668872069079898,0.5331127930920102,-38.48133670448173,4.912746853039565
36681,0.4590429562802859,0.5409570437197142,-41.13861784523699,7.721625234984722
36719,0.4571396784494306,0.5428603215505694,-12.290101467231553,-20.606290827503617
36953,0.4571396784494306,0.5428603215505694,-12.4251013539892,18.67397742453316
37007,0.4571396784494306,0.5428603215505694,-26.89665852757119,-6.652850005669165
37031,1.0,0.0,-19.565616177629423,-14.167835825365353
37042,1.0,0.0,-19.659473184961975,-14.073112222710138
37054,0.4571396784494306,0.5428603215505694,-36.80657894807808,3.205299220836839
37095,0.5059528824572601,0.49404711754273994,-32.786525319835846,-0.9624497238685527
37115,0.4590429562802859,0.5409570437197142,-34.89200664510127,1.150289430450014
37199,0.4590429562802859,0.5409570437197142,-63.83108974965059,29.83905947178247
37205,0.4571396784494306,0.5428603215505694,-26.852263723662134,-6.698214585894983
37220,0.4590429562802859,0.5409570437197142,-34.56002262136154,1.0002337815192262
37261,0.5515089458596323,0.44849105414036766,-70.16842833371078,35.91865497153995
37277,0.4571396784494306,0.5428603215505694,-22.051365276014785,-11.56352839797652
37305,0.4571396784494306,0.5428603215505694,-30.551692026652802,-3.1196576605367867
37312,0.4571396784494306,0.5428603215505694,-42.69512359261845,9.590054737234084
37344,0.5059528824572601,0.49404711754273994,-42.78096379498839,45.26012364584729
37416,1.0,0.0,-17.266178981428556,-16.369006635448844
37417,0.4668872069079898,0.5331127930920102,-53.951080517375914,20.175298150960074
37427,0.4571396784494306,0.5428603215505694,-26.88910902447802,-6.880632252428117
37455,1.0,0.0,-30.703680316032102,-3.1747497576341766
37521,0.5059528824572601,0.49404711754273994,-39.4535654676217,5.978647344518347
37536,0.4571396784494306,0.5428603215505694,-43.58367756966494,60.71107042493876
37572,0.37148301389013455,0.6285169861098654,-38.2942836663807,5.173984472926476
37605,0.4668872069079898,0.5331127930920102,-2.150721562196779,-30.897473443083417
37716,0.3208103829531927,0.6791896170468072,-54.22486834662934,20.50875788739997
37752,0.4590429562802859,0.5409570437197142,-28.62714319419254,-5.006871498903239
37797,0.4668872069079898,0.5331127930920102,-26.67003022707048,-6.66350377869477
37808,0.4668872069079898,0.5331127930920102,-18.03233182399287,-15.43539494391857
37828,1.0,0.0,-18.67154648749414,14.469791282053807
37839,0.4571396784494306,0.5428603215505694,-21.199500329370125,15.454660618701244
37842,0.4571396784494306,0.5428603215505694,-19.933156525484634,-13.623867534461791
37859,0.4668872069079898,0.5331127930920102,-49.77917932297459,16.097379438104603
37870,0.9492682926829268,0.050731707317073174,-41.38268742476998,7.788356728179588
37902,0.4571396784494306,0.5428603215505694,-40.43368197275984,6.779609481126134
37950,0.4668872069079898,0.5331127930920102,-19.7434935065182,-13.933422522997088
38111,0.95,0.05,-66.02402608320999,42.76693119606743
38114,0.4571396784494306,0.5428603215505694,-36.40985397919015,2.9339901278583476
38145,1.0,0.0,-20.47920525853868,-12.971289581589438
38167,0.4571396784494306,0.5428603215505694,-25.224908914045788,-8.11470002275464
38231,1.0,0.0,-23.64893231729143,16.385127476102507
38250,0.4571396784494306,0.5428603215505694,-56.46545922628564,41.98748532427604
38278,0.4571396784494306,0.5428603215505694,-39.598469714653326,5.785655836463603
38291,0.4571396784494306,0.5428603215505694,-30.730111531997824,-2.9075020137377714
38311,0.4590429562802859,0.5409570437197142,-17.85322876697154,-15.81847234752795
38722,0.4571396784494306,0.5428603215505694,-19.471213234700354,-13.902575968151984
38830,0.5515089458596323,0.44849105414036766,-24.469994978379948,-9.06362876574868
38903,0.4571396784494306,0.5428603215505694,-23.552737236959356,-9.675970580686673
39242,1.0,0.0,-37.111916011843654,3.2746939273302793
39376,0.4571396784494306,0.5428603215505694,-32.62674921148922,-1.1782213028770814
39471,0.4571396784494306,0.5428603215505694,-57.74511809900618,23.244558891799
39488,0.4668872069079898,0.5331127930920102,-43.600601877020736,9.760466776108204
39594,0.4668872069079898,0.5331127930920102,-52.96993772764342,18.573432773608648
39609,0.4571396784494306,0.5428603215505694,-54.86399437848323,20.34295595987139
39613,0.4571396784494306,0.5428603215505694,-61.326879914155796,26.920758855441335
39618,0.37148301389013455,0.6285169861098654,-61.599770149737644,27.155703328703126
39620,0.7411320584786059,0.2588679415213942,-54.949925321279714,20.555688168313573
39639,0.4590429562802859,0.5409570437197142,-54.73758525820182,20.273963326741352
39699,0.4571396784494306,0.5428603215505694,-52.3193511834019,31.874380729509703
39749,0.5059528824572601,0.49404711754273994,-55.71943274511511,38.1938709142368
39754,0.4571396784494306,0.5428603215505694,-54.93983700983498,20.443144556416197
39755,0.4571396784494306,0.5428603215505694,-55.05586737908986,20.56987023051282
39760,0.5059528824572601,0.49404711754273994,-54.71778227671332,20.151248952781444
39849,0.4571396784494306,0.5428603215505694,-53.12940603135326,18.65830335400247
39851,0.4571396784494306,0.5428603215505694,-61.101192944749755,26.72163004599883
39858,0.4571396784494306,0.5428603215505694,-54.87146828659806,20.32514644072806
39861,0.4668872069079898,0.5331127930920102,-57.653377406025626,23.251556796740086
39886,0.5059528824572601,0.49404711754273994,-67.0710391137164,32.67213952837484
39907,0.4668872069079898,0.5331127930920102,-73.74403312426567,39.20906304853128
39936,0.4571396784494306,0.5428603215505694,-61.56761282505336,27.11422865747593
39951,0.4571396784494306,0.5428603215505694,-31.62927168994079,-2.3436595013566253
39965,0.4668872069079898,0.5331127930920102,-60.908386679492146,49.23707551239075
40062,0.4571396784494306,0.5428603215505694,-61.369538338885555,26.911858671820298
40085,0.4571396784494306,0.5428603215505694,-64.32664649469596,30.014672478522417
40110,0.4571396784494306,0.5428603215505694,-66.59173303124766,32.06257737851991
40118,0.5059528824572601,0.49404711754273994,-53.059969850313784,18.597357265147483
40156,0.5059528824572601,0.49404711754273994,-64.57886311731784,44.14242965950194
40158,0.5059528824572601,0.49404711754273994,-54.92162480436736,20.390793186223856
40161,0.4071645021645021,0.5928354978354978,-50.71207505020174,16.318809162424238
40222,0.7411320584786059,0.2588679415213942,-55.02002634599099,20.64694845084841
40235,0.4590429562802859,0.5409570437197142,-53.156318885335665,18.696770439109123
40248,0.5059528824572601,0.49404711754273994,-66.70588359027286,32.3354614321582
40264,0.4571396784494306,0.5428603215505694,-54.90187020443439,20.394443670251697
40275,1.0,0.0,-65.69577647970664,42.27179257891918
40278,0.4571396784494306,0.5428603215505694,-50.73304544413839,16.344556821021
40308,0.4571396784494306,0.5428603215505694,-67.08285401777383,32.552151666666234
40391,0.4571396784494306,0.5428603215505694,-47.357350212166956,13.035495566371845
40395,0.4571396784494306,0.5428603215505694,-67.30607682559187,40.88068315634527
40396,0.7411320584786059,0.2588679415213942,-58.776900624109096,24.3994512112289
40443,0.5059528824572601,0.49404711754273994,-52.49313563366408,18.125206401872
40547,0.4571396784494306,0.5428603215505694,-63.287029454609545,38.39333516334676
40554,0.4571396784494306,0.5428603215505694,-36.36495093928907,2.467471403817898
40626,0.4571396784494306,0.5428603215505694,-49.67648408182152,15.897445943345717
40681,0.4571396784494306,0.5428603215505694,-52.63557509159444,18.28434449280072
40685,0.4571396784494306,0.5428603215505694,-66.90602668070694,32.57575763190086
40701,0.4571396784494306,0.5428603215505694,-44.913871035348535,10.658455770701613
40715,0.4571396784494306,0.5428603215505694,-81.12897988179027,54.96482708784579
40721,0.4571396784494306,0.5428603215505694,-50.64929989884299,16.357670307682643
40725,0.4571396784494306,0.5428603215505694,-70.73500139838976,36.23308293537395
40739,0.4571396784494306,0.5428603215505694,-70.52694727253262,36.0119837748723
40757,0.4668872069079898,0.5331127930920102,-60.480190536642084,26.022922383437642
40813,0.4590429562802859,0.5409570437197142,-57.53839099472417,23.149011113510525
40825,0.6933333333333334,0.3066666666666667,-52.35701649245596,18.067036658010483
40832,0.5515089458596323,0.44849105414036766,-68.58040178643977,34.284461274493175
40862,0.4668872069079898,0.5331127930920102,-67.54670331967796,41.197620515598025
40882,0.4571396784494306,0.5428603215505694,-78.6395247602741,44.523302094943475
40920,0.4571396784494306,0.5428603215505694,-71.54404477880814,37.15171418298101
40983,1.0,0.0,-54.89011646782267,20.3503131214829
41010,0.7411320584786059,0.2588679415213942,-57.68738636209176,23.32142138017183
41067,0.4571396784494306,0.5428603215505694,-52.858703735231074,18.57993327434815
41072,0.7411320584786059,0.2588679415213942,-79.33480513921619,56.1694179413499
41119,0.4571396784494306,0.5428603215505694,-70.19339935676496,35.63238583876328
41132,0.4668872069079898,0.5331127930920102,-64.03803798556596,29.65588885068252
41157,0.5059528824572601,0.49404711754273994,-61.701274391528884,46.70104922723078
41158,0.4590429562802859,0.5409570437197142,-73.98200273747008,50.85224635563574
41207,0.4571396784494306,0.5428603215505694,-54.46155986270346,20.121994012025485
41212,0.4590429562802859,0.5409570437197142,-61.99464713379249,27.777417149486908
41238,0.5059528824572601,0.49404711754273994,-56.89916186658395,22.65364724356778
41242,0.4571396784494306,0.5428603215505694,-66.46991723127064,31.96066275271765
41283,0.9492682926829268,0.050731707317073174,-60.930547505704034,26.580099484918385
41325,0.7411320584786059,0.2588679415213942,-83.14452952430685,56.97162312266543
41567,0.5875,0.4125,-68.15210411440982,33.72544682156102
41616,0.4571396784494306,0.5428603215505694,-63.05628882918725,28.684455221426244
41781,1.0,0.0,-60.1046704809447,36.726244891612545
41857,1.0,0.0,-74.85414539709687,50.13050942021788
41949,0.95,0.05,-54.892813745202794,20.411434808678983
41980,0.4571396784494306,0.5428603215505694,-52.5152596486941,18.148151582116366
42018,0.4571396784494306,0.5428603215505694,-71.85465910817004,37.593543612816326
42038,0.4571396784494306,0.5428603215505694,-65.96712603909627,42.63535144193239
42211,0.5515089458596323,0.44849105414036766,-74.12103254221287,39.73900571608289
42258,0.6421428571428571,0.3578571428571428,-67.24858701404769,32.86775302407811
42396,0.4668872069079898,0.5331127930920102,-63.77742174317973,29.497806214710323
42478,0.4571396784494306,0.5428603215505694,-65.42841446645997,31.124315758070075
42856,0.4071645021645021,0.5928354978354978,-68.90672493546565,34.04537605168516
42951,0.4571396784494306,0.5428603215505694,-71.50691705988385,36.93480257709491
43077,0.4668872069079898,0.5331127930920102,-81.87151918532237,47.32696699307973
43167,0.4590429562802859,0.5409570437197142,-71.76446511009885,37.08265968017005
43203,0.95,0.05,-71.75881066672105,37.017308038439054
43318,0.4571396784494306,0.5428603215505694,-72.20827320358681,37.53487148754827
43362,0.4571396784494306,0.5428603215505694,-65.31100530339322,30.704276058033415
43503,0.4590429562802859,0.5409570437197142,-78.02664134395037,43.06969538635664
43910,0.4668872069079898,0.5331127930920102,-74.52872687446732,40.15304672872982
44047,0.4571396784494306,0.5428603215505694,-68.00647368736004,33.622358494312515
44114,0.7411320584786059,0.2588679415213942,-87.69274012731167,53.37339392393829
5328,0.4590429562802859,0.5409570437197142,8.185332071676438,2.454291872736754
28174,0.7411320584786059,0.2588679415213942,-7.905115400940548,8.15602076666732
20246,0.4571396784494306,0.5428603215505694,-33.1715361703022,0.6609117193188877
20070,0.4571396784494306,0.5428603215505694,-91.32338868865826,57.64374620129738
1932,0.4571396784494306,0.5428603215505694,-86.25147062964486,52.07544602981376
11233,0.5059528824572601,0.49404711754273994,-57.03038456861574,23.86837188939841
2579,0.4590429562802859,0.5409570437197142,-86.07073769040315,51.909302385240096
2116,0.5059528824572601,0.49404711754273994,-52.70854423227342,18.734614297254698
40413,0.4668872069079898,0.5331127930920102,-65.10807430683116,30.577740974301673
25492,0.4571396784494306,0.5428603215505694,-80.72405580540274,46.321246429555785
20460,0.4668872069079898,0.5331127930920102,-89.34621205185417,54.487432114206996
6102,0.4590429562802859,0.5409570437197142,-87.6787200380876,53.21554049925377
31575,0.4590429562802859,0.5409570437197142,-83.05018282832019,49.74715121412549
7660,0.5059528824572601,0.49404711754273994,-18.53434325762846,49.30294936895356
29259,0.4571396784494306,0.5428603215505694,-57.64293686688635,24.269837805224984
1928,0.4590429562802859,0.5409570437197142,-40.78160377495229,8.714475224869144
18459,0.37148301389013455,0.6285169861098654,-69.61751058891062,51.25850350246942
7708,0.3208103829531927,0.6791896170468072,-55.016807030437484,21.226491667291857
18629,0.5059528824572601,0.49404711754273994,-58.01736638125063,41.313462248768055
1282,0.5059528824572601,0.49404711754273994,-56.2993652880389,22.315135782315927
32922,0.5059528824572601,0.49404711754273994,-78.06250789717053,43.29264798831892
20964,0.4668872069079898,0.5331127930920102,-88.32273246781769,54.14625599327831
31697,0.4571396784494306,0.5428603215505694,-72.510893136534,38.70700841996086
717,0.4571396784494306,0.5428603215505694,-41.884134807845925,8.179704370033933
24393,0.3208103829531927,0.6791896170468072,-79.40465361034738,53.41057859777188
8193,0.4590429562802859,0.5409570437197142,-90.6191995351008,57.970946820929804
11023,0.4571396784494306,0.5428603215505694,-88.53659640779911,55.78339585989885
29921,0.4571396784494306,0.5428603215505694,-87.14319849033208,53.348786738149904
14102,0.4571396784494306,0.5428603215505694,59.37010449682002,-90.64852047375717
15077,0.4571396784494306,0.5428603215505694,-71.07099321149079,37.49010150200576
3691,0.3208103829531927,0.6791896170468072,-90.68178414993781,57.429220067951384
23796,0.4571396784494306,0.5428603215505694,-89.39713726718642,55.941333843470936
327,0.3208103829531927,0.6791896170468072,50.5646515728003,-5.915219291103127
27206,0.4668872069079898,0.5331127930920102,-88.237354586734,54.36336153826295
3750,0.4571396784494306,0.5428603215505694,62.45284647857227,-92.93840020201462
17663,0.5059528824572601,0.49404711754273994,-73.84608438069026,41.1710162729328
14913,0.4571396784494306,0.5428603215505694,-70.77151629889993,37.06180420043125
2585,0.5059528824572601,0.49404711754273994,-57.981956115863966,24.821621310681742
14697,0.4668872069079898,0.5331127930920102,-24.637620216976863,-8.166170752387972
1627,0.3208103829531927,0.6791896170468072,-86.30649666492536,51.813699531206524
14619,0.4571396784494306,0.5428603215505694,-88.03054010065476,53.69129027492086
29475,0.4571396784494306,0.5428603215505694,-48.04200222760733,14.230806554245705
27880,0.5059528824572601,0.49404711754273994,-89.84255543465237,56.63873103432172
20426,0.4590429562802859,0.5409570437197142,-85.8827904649622,52.71973135335088
16446,0.4571396784494306,0.5428603215505694,-15.929372633742913,-16.306792596234363
26211,0.5059528824572601,0.49404711754273994,-86.63559430465125,51.62815485361772
37973,0.4071645021645021,0.5928354978354978,-85.53672997241523,51.30954037214729
21966,0.4571396784494306,0.5428603215505694,-69.04353897150618,36.3792088342298
20671,0.4668872069079898,0.5331127930920102,-31.55346796983566,-0.8297387916588558
8680,0.4571396784494306,0.5428603215505694,-90.81246837771123,58.22255116949351
38331,0.4571396784494306,0.5428603215505694,-82.23925907399922,48.56792828977146
18242,0.4571396784494306,0.5428603215505694,-38.93787521962372,42.45578754945489
20068,0.5515089458596323,0.44849105414036766,-87.72488427405416,53.68094468380314
10992,0.4590429562802859,0.5409570437197142,-91.38601187329762,58.09928997448834
1623,0.4571396784494306,0.5428603215505694,-84.06463619372087,49.465252229017906
17429,0.4668872069079898,0.5331127930920102,-43.073892195827405,10.502454802673741
6800,0.4668872069079898,0.5331127930920102,-80.2670950987093,46.64795794630055
7442,0.4571396784494306,0.5428603215505694,-64.22395956097522,30.616007063423627
11479,0.3208103829531927,0.6791896170468072,-82.90066221154714,49.13200802849129
5274,0.4590429562802859,0.5409570437197142,-39.55737377891522,39.00750005344457
1648,0.4668872069079898,0.5331127930920102,-87.77803144200576,54.24860566454565
10517,0.37148301389013455,0.6285169861098654,-69.86567761982714,35.54618568110111
8557,0.4590429562802859,0.5409570437197142,-82.85956241150804,48.36325007802057
8080,0.5515089458596323,0.44849105414036766,-82.24206465839958,47.92526315821986
3106,0.4571396784494306,0.5428603215505694,-26.72973595105483,-5.3150444191752095
27389,0.4571396784494306,0.5428603215505694,-75.86838924629144,41.20699338483104
3214,0.3208103829531927,0.6791896170468072,-70.74140176088598,37.41672961653109
38925,0.5059528824572601,0.49404711754273994,-85.36713274277753,51.13721049129037
8134,0.4571396784494306,0.5428603215505694,-52.06967461368664,18.199677569161235
7941,0.4571396784494306,0.5428603215505694,-76.38360530259035,42.40401895810141
36498,0.4571396784494306,0.5428603215505694,-82.89156880906562,50.27517074672632
23632,0.4590429562802859,0.5409570437197142,-68.32020756416453,35.509796288752284
35412,0.5059528824572601,0.49404711754273994,-85.5465460362955,53.45884780572498
7321,0.4571396784494306,0.5428603215505694,-41.59838628702327,8.51775038552807
17872,0.4571396784494306,0.5428603215505694,-85.29318445372684,50.638863530673476
32753,0.4668872069079898,0.5331127930920102,-77.55904358825674,42.826584576953735
14503,0.4590429562802859,0.5409570437197142,-71.82284794180136,37.94468882120436
13231,0.4571396784494306,0.5428603215505694,-88.703670017358,54.7852814773438
14834,0.4571396784494306,0.5428603215505694,-88.56339967239076,54.93260432041079
17849,0.4571396784494306,0.5428603215505694,-85.08082983900333,50.71296069220052
19451,0.4571396784494306,0.5428603215505694,-50.43158794922984,17.6924765311194
8342,0.4571396784494306,0.5428603215505694,117.81583924876614,148.5404695413415
7028,0.4571396784494306,0.5428603215505694,-65.47181049772819,46.65502043108948
6397,0.4571396784494306,0.5428603215505694,-53.669556874704746,63.32605729321998
1251,0.4571396784494306,0.5428603215505694,-58.75640126208394,25.165184301218606
10099,0.4590429562802859,0.5409570437197142,-35.94964460511267,2.416287070051102
36672,0.5059528824572601,0.49404711754273994,-87.42055326908807,54.53175570224339
5968,0.4571396784494306,0.5428603215505694,-89.23200331967861,55.89071387121381
12567,0.4571396784494306,0.5428603215505694,-64.7185686040533,31.561880822339038
11795,0.4590429562802859,0.5409570437197142,-32.67960422600888,17.902546683859267
25931,0.4571396784494306,0.5428603215505694,56.03660480137305,-86.53538920424471
5302,0.4571396784494306,0.5428603215505694,-77.21532475370141,58.84723436099926
5891,0.4571396784494306,0.5428603215505694,-89.66767433575642,56.36489115562809
39319,0.4571396784494306,0.5428603215505694,-77.87451877065473,43.38255224946561
1769,0.4571396784494306,0.5428603215505694,4.028972802750463,19.978553065309313
1260,0.4571396784494306,0.5428603215505694,292.1776351172631,287.37813125627036
33090,0.4571396784494306,0.5428603215505694,-69.11405976858532,35.14567592529796
229,0.26348589054011734,0.7365141094598826,79.68541711425885,-24.5205439200083
17737,0.4571396784494306,0.5428603215505694,-52.28534770468414,18.968225497682848
28686,0.4590429562802859,0.5409570437197142,-79.8244062733683,45.62254892238102
12604,0.4590429562802859,0.5409570437197142,99.11949528346571,-127.55856339454296
16228,0.4571396784494306,0.5428603215505694,-86.90765755701402,63.060123043957496
32949,0.4668872069079898,0.5331127930920102,-7.6668101958370825,-24.684004414741533
9534,0.4590429562802859,0.5409570437197142,-80.57148340938963,45.97523130122017
14115,0.4668872069079898,0.5331127930920102,-88.18810331145608,54.22141376929076
11195,0.4571396784494306,0.5428603215505694,-86.33929411208213,52.419477453491155
16863,0.4571396784494306,0.5428603215505694,-60.50508256582257,26.121150806325844
32859,0.4571396784494306,0.5428603215505694,-80.95780801499136,46.5753240233205
18208,0.4668872069079898,0.5331127930920102,-61.98813932387573,28.823383689387892
11469,0.5059528824572601,0.49404711754273994,-54.869071738666086,39.03911372480389
30045,0.4668872069079898,0.5331127930920102,-91.85142806316871,58.39874306447524
8046,0.5059528824572601,0.49404711754273994,1.9041666598401203,-33.43994484715923
23102,0.4668872069079898,0.5331127930920102,-88.38734257265835,54.81818867938387
13818,0.4571396784494306,0.5428603215505694,-82.91988088699077,49.14807824218113
4428,0.4668872069079898,0.5331127930920102,-72.59710099733651,38.39685304888456
37573,0.4668872069079898,0.5331127930920102,-77.0768797725134,42.858919666071
11629,0.4590429562802859,0.5409570437197142,-87.97940196809536,53.681909324418385
23165,0.4668872069079898,0.5331127930920102,-39.958356233593356,6.8016448888257655
13530,0.3208103829531927,0.6791896170468072,-54.48043104562502,35.114075633209175
3405,0.4571396784494306,0.5428603215505694,-89.85697646313618,56.679624819557304
8795,0.4571396784494306,0.5428603215505694,-81.90645843965918,48.538298437776355
42603,0.4571396784494306,0.5428603215505694,-87.69329928950032,53.29985140743117
31869,0.4571396784494306,0.5428603215505694,-58.672452243597725,25.323403778816544
12060,0.5059528824572601,0.49404711754273994,348.15429455616305,139.18661605442924
27984,0.4571396784494306,0.5428603215505694,-85.08495706637167,52.46738079798083
8742,0.4571396784494306,0.5428603215505694,-72.53084917723292,61.54745670357596
7603,0.5059528824572601,0.49404711754273994,-52.635544701273865,19.354678386324924
22123,0.4668872069079898,0.5331127930920102,9.978390631082366,-41.42678007656853
4362,0.5059528824572601,0.49404711754273994,101.71783166119374,-130.61685657050248
21388,0.4571396784494306,0.5428603215505694,-45.95041211827834,26.035141337389298
26239,0.4571396784494306,0.5428603215505694,-85.29040185155768,52.08050388850528
36322,0.4590429562802859,0.5409570437197142,-84.25856974798025,50.3311315237391
1047,0.4571396784494306,0.5428603215505694,-22.147330765148904,56.52450136237685
14774,0.4668872069079898,0.5331127930920102,-86.21232757101997,52.15399160666961
10848,0.5515089458596323,0.44849105414036766,0.6206179538058956,-23.93488669624867
12249,0.4571396784494306,0.5428603215505694,-87.01062229078128,52.27884551710517
3312,0.4571396784494306,0.5428603215505694,-88.7203565296956,54.814256371032805
3813,0.4590429562802859,0.5409570437197142,0.17994303738245035,65.70695445573976
1631,0.3208103829531927,0.6791896170468072,-67.13203161963601,42.73199554757538
13951,0.4571396784494306,0.5428603215505694,85.54895042579625,-114.28168441236818
246,0.4571396784494306,0.5428603215505694,-40.34741764977373,48.26428667200394
577,0.4571396784494306,0.5428603215505694,31.221584574506824,-61.82876621041245
5128,0.4571396784494306,0.5428603215505694,-90.1167637686759,57.09748871548645
18117,0.4571396784494306,0.5428603215505694,-85.52214516234301,52.019466044154356
12557,0.4571396784494306,0.5428603215505694,-85.75285367714437,50.82872538215955
10801,0.4590429562802859,0.5409570437197142,-90.04028579329952,56.010759180377484
17818,0.4590429562802859,0.5409570437197142,-39.546200682381645,38.744450264826256
36720,0.6933333333333334,0.3066666666666667,-89.71524596062687,55.30680018240159
5397,0.4668872069079898,0.5331127930920102,-40.60469091858443,35.68079274323611
7210,0.4571396784494306,0.5428603215505694,95.39051194235756,-125.46019557652453
709,0.4571396784494306,0.5428603215505694,-61.71825282524767,28.49446219756966
30010,0.6599999999999999,0.33999999999999997,-47.83176055371659,13.96491536480987
5092,0.4571396784494306,0.5428603215505694,-71.66402198898075,37.639692462320234
26069,0.5059528824572601,0.49404711754273994,-15.229418944527062,-17.759852687912478
18476,0.4571396784494306,0.5428603215505694,-89.53420729235872,55.805664490181954
32065,0.3208103829531927,0.6791896170468072,-70.82722385877436,37.433254743739965
4959,0.4571396784494306,0.5428603215505694,-83.4434136714656,64.70351465764153
43476,0.4071645021645021,0.5928354978354978,-88.00165120821124,53.592476234930245
3064,0.4590429562802859,0.5409570437197142,-88.89850183809533,55.146992917100185
20228,0.4590429562802859,0.5409570437197142,-68.90227396780803,35.03233131098177
6155,0.5059528824572601,0.49404711754273994,-46.73271515014971,13.739451475737123
9521,0.4590429562802859,0.5409570437197142,-39.53168443248431,54.24221302492873
3499,0.4668872069079898,0.5331127930920102,-89.37902731328658,55.626649468942865
20112,0.5059528824572601,0.49404711754273994,-66.6715787895328,33.665917788700185
11319,0.4571396784494306,0.5428603215505694,-45.11998170350083,12.291514863561186
36217,0.4571396784494306,0.5428603215505694,-58.37031954193123,25.236491304678633
16921,0.4571396784494306,0.5428603215505694,-24.31208879448303,25.8168238190081
18557,0.4571396784494306,0.5428603215505694,-58.81181942416834,25.64590543031111
27409,0.4590429562802859,0.5409570437197142,-83.38429486307757,49.30052852645603
6910,0.4571396784494306,0.5428603215505694,-77.03585822303377,42.72291353651725
8061,0.4590429562802859,0.5409570437197142,75.24821487450377,-104.81090420465135
26324,0.4571396784494306,0.5428603215505694,-86.99469569449063,53.87821540024156
8567,0.4590429562802859,0.5409570437197142,-89.3435296589949,55.9298182581534
5748,0.4571396784494306,0.5428603215505694,-88.28344969675486,54.18180743053859
22363,0.4571396784494306,0.5428603215505694,-83.16228501672678,48.15836651115501
2128,0.4571396784494306,0.5428603215505694,-91.02563519143189,58.665493632427285
15789,0.4571396784494306,0.5428603215505694,141.39980492338032,-85.60817820275788
10177,0.4571396784494306,0.5428603215505694,-77.35092663238694,42.798186287519734
35416,0.4571396784494306,0.5428603215505694,-55.56005466220498,22.297766947186563
32830,0.4668872069079898,0.5331127930920102,-36.060642495300335,2.8734626887128494
29912,0.4571396784494306,0.5428603215505694,32.37825144088417,-13.137527097583785
4641,0.4571396784494306,0.5428603215505694,64.54749238606084,7.02769544289584
1122,0.5059528824572601,0.49404711754273994,-20.82905006116025,21.181863516263775
7486,0.4590429562802859,0.5409570437197142,-85.81865852326426,51.41186661785399
1375,0.5059528824572601,0.49404711754273994,-67.6576420271913,43.33849234851475
8769,0.5059528824572601,0.49404711754273994,-81.62448404962022,47.30427990030434
7733,0.4571396784494306,0.5428603215505694,97.87622096570435,-127.42474090038989
36290,0.4571396784494306,0.5428603215505694,-89.34891361807856,56.150954289433294
16500,0.4571396784494306,0.5428603215505694,-91.35996677241238,59.167042401034536
28715,0.4571396784494306,0.5428603215505694,-72.06245961086351,38.54957788647802
12745,0.3208103829531927,0.6791896170468072,95.12057336219684,-125.59870523691646
3069,0.37148301389013455,0.6285169861098654,-88.35391732606007,54.24982341785172
5801,0.4571396784494306,0.5428603215505694,-29.023505845007087,-3.2701419222540093
37900,0.4571396784494306,0.5428603215505694,-55.04393464838179,20.594038838775344
13264,0.4571396784494306,0.5428603215505694,-25.65354823593765,-7.915816608171338
1797,0.5059528824572601,0.49404711754273994,-50.5322251025438,16.439388277409233
6320,0.4668872069079898,0.5331127930920102,-88.11929276463677,53.79154233508727
4185,0.5059528824572601,0.49404711754273994,-44.210523117848,26.581445622326992
28324,0.4668872069079898,0.5331127930920102,-58.2830621453311,25.377048482934573
22744,0.4571396784494306,0.5428603215505694,-88.93705476024125,55.67317426028346
2597,0.4571396784494306,0.5428603215505694,-85.11365660881032,60.11384712077587
2480,0.3208103829531927,0.6791896170468072,-71.80961235532565,37.76705868173462
4494,0.4590429562802859,0.5409570437197142,87.29217724797766,-117.84132458604897
4302,0.4571396784494306,0.5428603215505694,-39.07207262915869,41.495963847669636
24870,0.4571396784494306,0.5428603215505694,-53.130125968897936,19.92791612368329
5384,0.4668872069079898,0.5331127930920102,-77.68240785891854,43.44197860701409
26017,0.4668872069079898,0.5331127930920102,-80.771909354452,59.30125097177606
11214,0.4668872069079898,0.5331127930920102,-50.1157099487224,45.04834928095452
27736,0.4571396784494306,0.5428603215505694,-42.57974558279796,10.453183432711882
15627,0.3208103829531927,0.6791896170468072,-63.50888653563714,46.03850645101713
37437,0.4590429562802859,0.5409570437197142,-71.69786168454334,36.911572271256745
8384,0.4571396784494306,0.5428603215505694,244.60494171560566,47.54258890140933
26282,0.4668872069079898,0.5331127930920102,-5.114022909272588,96.24663756436239
17318,0.5059528824572601,0.49404711754273994,-69.67011400288006,36.246484877602114
4004,0.4668872069079898,0.5331127930920102,-78.22045900669603,44.32733328804233
17413,0.5059528824572601,0.49404711754273994,-50.34390705199252,16.439237092480337
326,0.4668872069079898,0.5331127930920102,-74.49640406694637,40.73922340084136
7487,0.5059528824572601,0.49404711754273994,-71.75699945125122,37.61384213171674
32540,0.4571396784494306,0.5428603215505694,-44.83349214454923,11.698305700085037
7955,0.3208103829531927,0.6791896170468072,-52.3476627547453,19.668815000586132
1385,0.3208103829531927,0.6791896170468072,-43.5065739209928,9.824115980439982
15725,0.37148301389013455,0.6285169861098654,-74.38812096294586,40.2253918832122
14684,0.4571396784494306,0.5428603215505694,-89.00413744235965,55.220442428397924
13186,0.4590429562802859,0.5409570437197142,-85.33106431382912,51.30784684883261
3517,0.3208103829531927,0.6791896170468072,-88.43401863760305,54.33327421340131
24274,0.5059528824572601,0.49404711754273994,-70.69891923270094,36.58457712773855
32245,0.4590429562802859,0.5409570437197142,-90.57024213636585,57.82674900777224
24322,0.37148301389013455,0.6285169861098654,-91.44919621791689,59.245486025853296
25388,0.4571396784494306,0.5428603215505694,-67.553129817738,33.26997330410403
27371,0.4668872069079898,0.5331127930920102,-87.78485026496118,53.70211698663194
38593,0.4571396784494306,0.5428603215505694,-82.56299796822559,48.42682717871282
22985,0.4571396784494306,0.5428603215505694,-64.0995349791204,29.868731451677174
18467,0.4571396784494306,0.5428603215505694,-83.97503882422572,60.192333219402585
13130,0.4590429562802859,0.5409570437197142,-80.1232320729949,46.36973141609484
12758,0.4571396784494306,0.5428603215505694,-86.50535668393228,53.27471993236958
12777,0.4571396784494306,0.5428603215505694,-74.82014525007371,40.18307177544348
4411,0.4590429562802859,0.5409570437197142,-60.19302473213582,28.0642516397368
33927,0.4668872069079898,0.5331127930920102,-84.85866031547266,62.759310115668804
7068,0.5515089458596323,0.44849105414036766,195.42603858394338,-23.592445259405906
21449,0.4571396784494306,0.5428603215505694,-59.09785245144945,48.74615124942066
83,0.4571396784494306,0.5428603215505694,-48.76297919938049,14.832099612862828
25664,0.4571396784494306,0.5428603215505694,-73.70072044268275,39.30973026130755
31912,0.5059528824572601,0.49404711754273994,-35.03998387228799,32.978471742617316
14670,0.4590429562802859,0.5409570437197142,-86.2025162383685,57.085882767079994
7366,0.5059528824572601,0.49404711754273994,-88.04497192889973,53.76270955487754
14830,0.4571396784494306,0.5428603215505694,-26.804337641592205,30.091510320224966
1626,0.4571396784494306,0.5428603215505694,-20.53474309886211,25.709479086152594
15493,0.5515089458596323,0.44849105414036766,-90.59874909269885,57.97656306331729
20255,0.5059528824572601,0.49404711754273994,-6.256516158558146,-26.032114170071008
8203,0.4571396784494306,0.5428603215505694,-90.51216573263575,57.68427322077619
5672,0.5059528824572601,0.49404711754273994,111.38661412384086,-139.58388568702506
10976,0.4571396784494306,0.5428603215505694,-90.01707615798898,57.0682808674804
3314,0.4571396784494306,0.5428603215505694,-66.73152261675563,33.10932634163177
1457,0.4668872069079898,0.5331127930920102,521.1737950144018,292.9893898559593
22197,0.4571396784494306,0.5428603215505694,-88.75403600957087,57.39262981559194
690,0.4571396784494306,0.5428603215505694,2.72809494360745,-33.87243948693451
10637,0.4571396784494306,0.5428603215505694,-88.09065428895724,53.770746822505274
7744,0.5059528824572601,0.49404711754273994,-62.46426904531462,29.31335365152956
6658,0.4590429562802859,0.5409570437197142,-36.28411468529295,4.47950647110541
8575,0.4590429562802859,0.5409570437197142,-80.18336104474854,46.23483308373879
35343,0.5059528824572601,0.49404711754273994,-74.36625215832038,40.42703486798197
5290,0.5875,0.4125,-77.11598483233394,51.4921633178331
29823,0.4590429562802859,0.5409570437197142,-75.29506273128774,44.730612597367504
5969,0.4590429562802859,0.5409570437197142,-29.31613658286551,-4.1487800279105524
41443,0.4590429562802859,0.5409570437197142,-87.8736845367891,53.4906455209634
27743,0.4571396784494306,0.5428603215505694,-65.62638422666099,48.80006536638732
28352,0.4571396784494306,0.5428603215505694,-14.57663782964343,20.23385151888779
10971,0.37148301389013455,0.6285169861098654,-68.84576170433981,34.365583002803874
4283,0.5515089458596323,0.44849105414036766,86.03851708330997,-116.83235107646296
14015,0.4571396784494306,0.5428603215505694,-65.87614327360882,33.02250542233731
39918,0.4668872069079898,0.5331127930920102,-86.14163346595157,52.32476180444631
19549,0.3208103829531927,0.6791896170468072,-41.70679560269147,8.843644614725662
32,0.4571396784494306,0.5428603215505694,273.89249809995664,190.3848922521741
818,0.5059528824572601,0.49404711754273994,-75.71876033006644,41.31259154232841
35210,0.4571396784494306,0.5428603215505694,23.43383288347809,-6.908659508890393
8602,0.4590429562802859,0.5409570437197142,-89.9754486602309,56.90513848427024
160,0.37148301389013455,0.6285169861098654,24.534976559878853,39.32370885694684
5571,0.4571396784494306,0.5428603215505694,-80.28638562617108,47.02814366511617
15455,0.4571396784494306,0.5428603215505694,-83.79612446753764,49.457534843699484
3213,0.4571396784494306,0.5428603215505694,-88.33370535588985,54.22086052389704
6147,0.4571396784494306,0.5428603215505694,-89.26540822690507,55.70499618395284
4300,0.3208103829531927,0.6791896170468072,-56.01726634748232,40.04965824145589
12787,0.4590429562802859,0.5409570437197142,-60.42783578572962,45.438032364835344
11116,0.5059528824572601,0.49404711754273994,-57.40527558494585,41.62976225894583
11867,0.4590429562802859,0.5409570437197142,-81.87649831916859,48.01204525160493
14803,0.5059528824572601,0.49404711754273994,-78.30744972221704,43.653892145796846
35173,0.4571396784494306,0.5428603215505694,-86.69269525351444,51.53519229470059
3924,0.4590429562802859,0.5409570437197142,-83.35176287247856,49.07502001229741
3394,0.4668872069079898,0.5331127930920102,-82.54920860972621,48.08318571888857
10749,0.4590429562802859,0.5409570437197142,-90.38490953356295,57.48094740995033
1001,0.4590429562802859,0.5409570437197142,-20.530419524150492,-12.314439257514712
24325,0.4571396784494306,0.5428603215505694,-74.85467773453632,40.19356532256789
7711,0.4571396784494306,0.5428603215505694,-88.21562877851123,53.98149359725558
11531,0.4590429562802859,0.5409570437197142,377.00061780117124,171.93337722797963
12360,0.4571396784494306,0.5428603215505694,-90.1767530049905,57.37333126363137
31681,0.4571396784494306,0.5428603215505694,-12.417052685932704,1.7337848580252748
3194,0.4571396784494306,0.5428603215505694,-89.44925335129047,56.02363416458166
19322,0.7411320584786059,0.2588679415213942,-63.44122432750277,29.25903897988427
34830,0.5515089458596323,0.44849105414036766,-85.55113378725314,52.034487919693774
19039,0.3208103829531927,0.6791896170468072,-91.5108407424817,59.34730974461885
20084,0.4571396784494306,0.5428603215505694,-87.36395551175501,53.82613460175474
13232,0.5059528824572601,0.49404711754273994,-76.17325113421435,42.198633296449806
2460,0.4571396784494306,0.5428603215505694,-21.63754663363597,28.47215464080969
36047,0.4571396784494306,0.5428603215505694,-43.36953978586365,45.67915348960735
25271,0.4571396784494306,0.5428603215505694,-71.76745202612122,37.60938624989697
17817,0.4571396784494306,0.5428603215505694,-72.23406506036385,37.887100357886936
4794,0.4590429562802859,0.5409570437197142,-87.92100838007595,55.40637591793685
1434,0.4571396784494306,0.5428603215505694,-52.86922364066842,18.967681050978367
13058,0.4571396784494306,0.5428603215505694,-88.42349974610757,54.258004078336654
16350,0.4571396784494306,0.5428603215505694,-51.73039297152656,39.496213620417215
24532,0.3208103829531927,0.6791896170468072,-76.89589446705415,50.76573668168666
3825,0.4571396784494306,0.5428603215505694,-88.1481797874181,53.873465932651555
19803,0.4590429562802859,0.5409570437197142,-70.69793654064036,36.630350447931235
2052,0.4571396784494306,0.5428603215505694,41.16892775431933,-10.977280000187351
20356,0.4571396784494306,0.5428603215505694,83.23442399281805,-113.44012135807081
21336,0.4571396784494306,0.5428603215505694,5.84168309492694,20.190435035292147
25414,0.4571396784494306,0.5428603215505694,-44.76603581257287,10.95510855111932
14350,0.3208103829531927,0.6791896170468072,42.84228089133955,-71.69031112938164
29746,0.5059528824572601,0.49404711754273994,-84.67738359937881,50.642499072509004
26394,0.4571396784494306,0.5428603215505694,-72.95940971643019,39.93772542602736
19562,0.4571396784494306,0.5428603215505694,-90.32360688898095,57.56851714006381
1256,0.4571396784494306,0.5428603215505694,-80.75436488458672,46.71259130409825
25949,0.9119230769230768,0.08807692307692308,76.71880643880618,-107.13739677428295
8709,0.4571396784494306,0.5428603215505694,-89.23792443917448,55.65354067214101
14429,0.4571396784494306,0.5428603215505694,-83.54515874091045,50.36606466256018
17790,0.5059528824572601,0.49404711754273994,-87.8933023668949,53.93290171098944
40399,0.4571396784494306,0.5428603215505694,-88.84458770478706,55.40458034435906
6078,0.4590429562802859,0.5409570437197142,33.75154277696437,-63.67263603166
28868,0.4571396784494306,0.5428603215505694,-45.89302523870056,11.878595266533518
1647,0.4590429562802859,0.5409570437197142,-84.0160611166226,50.35620459737176
5787,0.5059528824572601,0.49404711754273994,-57.358100907848815,24.25108806564039
35051,0.4571396784494306,0.5428603215505694,-78.16745716220092,44.700734298534
21203,0.3208103829531927,0.6791896170468072,-79.6660564193957,53.91662283044876
27582,0.4571396784494306,0.5428603215505694,-88.70003196771931,54.88389873415135
5811,0.4571396784494306,0.5428603215505694,-88.5718395396461,54.638612351591306
19027,0.4590429562802859,0.5409570437197142,-76.93161627702939,43.71761428854533
31673,0.4571396784494306,0.5428603215505694,-78.80482242631918,45.30055875572996
32417,0.4571396784494306,0.5428603215505694,-51.56446099564222,17.352513523227373
2432,0.5059528824572601,0.49404711754273994,-59.42939405410079,43.643440477969186
199,0.6915584415584415,0.3084415584415584,26.147373848939154,110.41798706459637
4898,0.4590429562802859,0.5409570437197142,95.175733395334,-125.29034983177894
14232,0.4668872069079898,0.5331127930920102,-61.55228882586113,28.486902966225696
36166,0.4668872069079898,0.5331127930920102,-71.33255508353,56.419033898694515
28257,0.4571396784494306,0.5428603215505694,-61.95037218156219,28.620711441178912
3845,0.4590429562802859,0.5409570437197142,-88.10772385433623,53.84674882148883
10057,0.5059528824572601,0.49404711754273994,-90.03975253197474,56.99806279666912
1762,0.4668872069079898,0.5331127930920102,-20.478900304620232,-11.613175767010121
18529,0.4571396784494306,0.5428603215505694,-90.43856027768886,57.33661107525586
12052,0.4590429562802859,0.5409570437197142,-82.99605538509867,48.485716033377706
35405,0.4571396784494306,0.5428603215505694,-79.18401060911788,44.95327983993396
11671,0.4590429562802859,0.5409570437197142,6.609301009779047,-37.23868768960006
3645,0.4571396784494306,0.5428603215505694,-38.60264644445386,15.20199578667106
44062,0.4571396784494306,0.5428603215505694,-87.60639001092149,53.37208353141929
26229,0.4571396784494306,0.5428603215505694,-66.51944196020757,32.820183258234636
29355,0.4571396784494306,0.5428603215505694,-50.86003856130729,18.221672667749
4297,0.4071645021645021,0.5928354978354978,89.62169908942751,-120.10141658160528
4334,0.4590429562802859,0.5409570437197142,-90.93397388212749,58.45823374938048
32819,0.4571396784494306,0.5428603215505694,-73.57126360608993,40.675623573448966
10460,0.4590429562802859,0.5409570437197142,-10.14255253223682,9.477942828000835
17973,0.4571396784494306,0.5428603215505694,-88.27513496079233,54.31780236018013
1271,0.4590429562802859,0.5409570437197142,-78.10416791484536,45.47464308945372
12130,0.4590429562802859,0.5409570437197142,-88.9042376126622,53.93525085972313
7150,0.4571396784494306,0.5428603215505694,-87.7631651031187,53.31620806325086
13564,0.5515089458596323,0.44849105414036766,-89.78661901666612,57.208238707875026
5782,0.4571396784494306,0.5428603215505694,98.84929462592564,-128.4143514906237
31388,0.4571396784494306,0.5428603215505694,-72.19033124664601,37.669795174531146
10434,0.4571396784494306,0.5428603215505694,-89.27379439618026,56.16750129257621
11427,0.4668872069079898,0.5331127930920102,15.24108431614189,66.02213680216532
1760,0.6113095238095237,0.3886904761904762,-39.00727699026174,5.202043418769293
11573,0.5875,0.4125,-90.029239214785,56.98290900963257
3951,0.4571396784494306,0.5428603215505694,-89.18888000235536,55.75839904944845
11245,0.4590429562802859,0.5409570437197142,-89.43503628632209,56.13993846422239
10004,0.4590429562802859,0.5409570437197142,-90.39422056114192,57.49098757792031
8714,0.5059528824572601,0.49404711754273994,-35.69034549716138,31.063733530910525
18353,0.4571396784494306,0.5428603215505694,-74.81582819871177,40.84335676921905
3451,0.4571396784494306,0.5428603215505694,-88.10128819479014,53.91891679857176
761,0.4571396784494306,0.5428603215505694,160.89450201840478,-8.093932671124803
3776,0.6421428571428571,0.3578571428571428,-50.49826884959712,17.61820614864607
36140,0.4571396784494306,0.5428603215505694,-92.26500008735634,59.48928291701564
216,0.5059528824572601,0.49404711754273994,-39.73455936559478,6.155186870001362
39782,0.4668872069079898,0.5331127930920102,-82.13242727957864,56.97582614990122
559,0.4571396784494306,0.5428603215505694,-1.5708813617125719,75.63763945052006
691,0.4571396784494306,0.5428603215505694,-74.96547207005027,40.61439059062581
29100,0.4571396784494306,0.5428603215505694,-40.15784893537219,6.3170556977752215
10428,0.4668872069079898,0.5331127930920102,-66.12573881915478,48.30176273635663
12755,0.4590429562802859,0.5409570437197142,126.33213649510652,-63.071864929707644
8791,0.4590429562802859,0.5409570437197142,-66.62967149971693,67.31171072353662
2182,0.4571396784494306,0.5428603215505694,4.864526435456904,-37.06303872887247
25622,0.4571396784494306,0.5428603215505694,-88.45657613274196,54.65261686232413
39913,0.5515089458596323,0.44849105414036766,-78.07373197530637,43.617302503311585
14561,0.4590429562802859,0.5409570437197142,80.32163732071476,32.12288492186445
35680,0.4571396784494306,0.5428603215505694,-89.68471313401038,55.05498801560034
3502,0.4668872069079898,0.5331127930920102,-1.6537802676699245,-31.10774158036049
1437,0.4571396784494306,0.5428603215505694,-89.87553558602274,56.62152464501488
10318,0.4571396784494306,0.5428603215505694,-16.67380350098256,45.35229342398966
12608,0.5059528824572601,0.49404711754273994,-65.88867908812772,31.497724243642303
2001,0.4668872069079898,0.5331127930920102,-78.87379821851515,54.04855732028365
35386,0.4571396784494306,0.5428603215505694,-81.25177483795852,47.75941710998226
16870,0.4571396784494306,0.5428603215505694,-52.78319369107774,19.35690766149004
11013,0.3208103829531927,0.6791896170468072,-88.34136408115883,54.269431275495855
23380,0.4590429562802859,0.5409570437197142,-69.59768514561344,36.566701928964484
25305,0.4590429562802859,0.5409570437197142,-88.81899513463472,54.56562196175387
5680,0.5059528824572601,0.49404711754273994,-14.986726404322535,6.228035666127143
28129,0.4571396784494306,0.5428603215505694,-63.135149935273134,30.77439456820532
24860,0.4571396784494306,0.5428603215505694,-86.25649591753233,52.14513434018177
6762,0.4571396784494306,0.5428603215505694,-84.89412990399983,59.91188160192933
12510,0.4571396784494306,0.5428603215505694,-89.79826469358925,56.53554146131123
29474,0.5059528824572601,0.49404711754273994,-61.50261354158027,58.72832537736882
8095,0.4571396784494306,0.5428603215505694,-59.90598766413666,50.52865911114085
24944,0.5059528824572601,0.49404711754273994,-79.8794039365112,46.77441032224733
37419,0.4590429562802859,0.5409570437197142,-87.8913053164691,53.64708137917149
25275,0.4571396784494306,0.5428603215505694,-40.91655205675316,7.600631931589854
22112,0.7411320584786059,0.2588679415213942,-44.578615177889155,11.542443721942966
3592,0.4571396784494306,0.5428603215505694,-88.12330094855649,53.77059207387285
1340,0.3208103829531927,0.6791896170468072,412.611758984167,281.5573113989827
13735,0.4571396784494306,0.5428603215505694,14.420921449540868,-43.89744614816353
5029,0.37148301389013455,0.6285169861098654,-88.64007336170287,54.64123433393645
32613,0.4571396784494306,0.5428603215505694,-77.35157166807193,42.8138617340754
31881,0.4571396784494306,0.5428603215505694,-12.761443642401701,-19.829665283392703
29655,0.5059528824572601,0.49404711754273994,30.119676115533572,-61.64507444423493
1870,0.4571396784494306,0.5428603215505694,-73.39329900784115,48.92262312264839
1469,0.5059528824572601,0.49404711754273994,174.71544598027506,31.356444512022527
20829,0.4571396784494306,0.5428603215505694,-89.11400553678988,54.114666437115595
32332,0.4571396784494306,0.5428603215505694,-70.88708906194051,36.60580021704376
24670,0.5059528824572601,0.49404711754273994,-85.30425250010599,50.67224876479152
23315,0.4571396784494306,0.5428603215505694,-70.36256440043998,38.942052356353805
1396,0.3208103829531927,0.6791896170468072,135.04784093134066,-62.25201045405074
3155,0.4668872069079898,0.5331127930920102,-71.2097428554919,36.96748257138495
36434,0.4590429562802859,0.5409570437197142,-83.84273116506895,49.5885431852522
9576,0.4571396784494306,0.5428603215505694,-58.09877448054171,24.54186544778253
7963,0.4590429562802859,0.5409570437197142,-83.41761452057558,49.00926123445547
5396,0.4571396784494306,0.5428603215505694,-84.10926676511936,50.534726535849565
6335,0.5059528824572601,0.49404711754273994,-38.22213559168632,38.706962539064385
4624,0.4590429562802859,0.5409570437197142,-86.0760046480563,51.865140196496874
10658,0.4571396784494306,0.5428603215505694,-30.23054344393779,37.86717842696172
12527,0.7411320584786059,0.2588679415213942,-75.40010684393816,42.201052772354416
37292,0.4571396784494306,0.5428603215505694,-70.0397955927896,35.73596020539821
6523,0.4571396784494306,0.5428603215505694,-37.23965147524809,6.3385952214899905
20113,0.4668872069079898,0.5331127930920102,4.321482310252491,-35.88493921454367
14867,0.4571396784494306,0.5428603215505694,-72.84832891414742,38.07563984521799
4544,0.4571396784494306,0.5428603215505694,-45.98667706697619,13.468158463107017
2056,0.4571396784494306,0.5428603215505694,-90.25491382642846,57.307558965503205
8696,0.4571396784494306,0.5428603215505694,52.44621403667615,-14.773520221580817
21794,0.4571396784494306,0.5428603215505694,-35.26508884802308,1.4345008216831732
9807,0.4668872069079898,0.5331127930920102,-80.92572970369963,58.78015341189233
32975,0.4668872069079898,0.5331127930920102,-80.39166555457159,46.341471256734955
35675,0.4571396784494306,0.5428603215505694,-69.18155022569177,35.98035183748754
40042,0.4571396784494306,0.5428603215505694,-78.98104346134357,44.833440436751175
19324,0.4571396784494306,0.5428603215505694,-34.213184619682515,2.2911685722283464
969,0.4590429562802859,0.5409570437197142,-46.49652637039936,34.18708257011402
1459,0.5059528824572601,0.49404711754273994,-45.71711166626844,11.606485342557772
27807,0.7411320584786059,0.2588679415213942,-71.333140500053,37.455655136801155
25467,0.4571396784494306,0.5428603215505694,-90.0550015614822,55.422301291149026
31406,0.5515089458596323,0.44849105414036766,-7.411183175452307,70.51613504175721
33398,0.4571396784494306,0.5428603215505694,-5.121513355443598,-26.900039895639072
12324,0.4571396784494306,0.5428603215505694,110.42027665999862,-65.00213571714035
13519,0.4571396784494306,0.5428603215505694,-88.89779141407232,54.979746654115715
1118,0.3208103829531927,0.6791896170468072,-32.8137832901369,-0.3073306497883392
11187,0.3208103829531927,0.6791896170468072,-84.99690966675,50.9597469802761
29103,0.4571396784494306,0.5428603215505694,-67.28982030060526,33.71064281287947
5382,0.5059528824572601,0.49404711754273994,20.720029509309956,45.421445275031004
4696,0.4571396784494306,0.5428603215505694,-87.4364604583986,55.18983664617615
