COD_PERSONA,prob_0,prob_1,y,pc1,pc2
36719,0.48143841200483894,0.518561587995161,-3.9483843875098037,-3.9483843875098037,-21.36859652508454
37521,0.4658410611199143,0.5341589388800857,-38.5180050787296,-38.5180050787296,-5.538448642137018
26436,0.48143841200483894,0.518561587995161,71.17090996265587,71.17090996265587,-54.7810824266055
8159,0.42418464829926794,0.5758153517007321,166.66723208303813,166.66723208303813,-1.676773007390257
41132,0.48668817573865975,0.5133118242613403,-69.75107043215924,-69.75107043215924,8.383118196640975
22967,0.4658410611199143,0.5341589388800857,121.10289198522614,121.10289198522614,-78.27426783353614
26433,0.48143841200483894,0.518561587995161,125.70387788308527,125.70387788308527,-80.86260095723944
29151,0.43953492588948107,0.5604650741105189,96.94320431479058,96.94320431479058,-67.28665611458422
33099,0.48143841200483894,0.518561587995161,64.76380191639385,64.76380191639385,-53.004173532250725
37042,0.931959272226923,0.06804072777307697,-13.195162546842178,-13.195162546842178,-17.776685413388115
40862,0.48668817573865975,0.5133118242613403,-76.99109843221841,-76.99109843221841,18.024717035153085
36172,0.43953492588948107,0.5604650741105189,0.11336066662304868,0.11336066662304868,6.060686399229197
409,0.48143841200483894,0.518561587995161,124.07806515742277,124.07806515742277,-78.9624305085658
43910,0.48668817573865975,0.5133118242613403,-83.14754534105579,-83.14754534105579,14.716292734722817
19355,0.48143841200483894,0.518561587995161,123.51450866907568,123.51450866907568,-79.69605534600188
14514,0.43953492588948107,0.5604650741105189,208.4143080970503,208.4143080970503,105.51659362960508
2426,0.48143841200483894,0.518561587995161,120.77297654349124,120.77297654349124,-77.80332798083303
1753,0.48143841200483894,0.518561587995161,117.84086842748181,117.84086842748181,-77.14831843789305
32860,0.4658410611199143,0.5341589388800857,55.924937434347136,55.924937434347136,-48.94320341115166
100,0.48143841200483894,0.518561587995161,117.73469367211717,117.73469367211717,-77.34114481008238
28823,0.48143841200483894,0.518561587995161,58.06475176189036,58.06475176189036,-49.31074063930072
8092,0.48143841200483894,0.518561587995161,135.74114905203214,135.74114905203214,-84.274485333188
41212,0.43953492588948107,0.5604650741105189,-67.18118131822384,-67.18118131822384,7.336522182739635
32255,0.6782439678375232,0.32175603216247683,12.867164787581231,12.867164787581231,15.526393269810004
24740,0.48143841200483894,0.518561587995161,103.71180617457355,103.71180617457355,-70.70844553099558
39613,0.48143841200483894,0.518561587995161,-66.28166757793223,-66.28166757793223,6.723714363348514
1049,0.673639578441418,0.326360421558582,143.3871551902975,143.3871551902975,-20.77890364196453
33197,0.43953492588948107,0.5604650741105189,44.660235284363615,44.660235284363615,-43.59205577994418
37870,0.673639578441418,0.326360421558582,-40.96802122676568,-40.96802122676568,-4.4923535558653
42211,0.44471962392852027,0.5552803760714797,-82.6356142249589,-82.6356142249589,14.484561732233177
37031,0.931959272226923,0.06804072777307697,-13.076765513071907,-13.076765513071907,-17.827898938161756
40685,0.48143841200483894,0.518561587995161,-73.41432636427407,-73.41432636427407,10.152140480230926
10039,0.42418464829926794,0.5758153517007321,118.68506097306488,118.68506097306488,-77.53377563239333
1820,0.5884629064182426,0.4115370935817574,117.7263168359172,117.7263168359172,-77.39579523147201
23859,0.43953492588948107,0.5604650741105189,108.63465554882595,108.63465554882595,-72.09893485688299
39620,0.6782439678375232,0.32175603216247683,-58.128626210999336,-58.128626210999336,2.865787323894758
1230,0.43953492588948107,0.5604650741105189,117.9403764688591,117.9403764688591,-77.4621159928429
20484,0.48143841200483894,0.518561587995161,125.88692134012456,125.88692134012456,-80.99053124379678
37305,0.48143841200483894,0.518561587995161,-27.118335677056702,-27.118335677056702,-11.142220718611261
19672,0.48143841200483894,0.518561587995161,131.6571100121217,131.6571100121217,-83.10486949671979
36449,0.48143841200483894,0.518561587995161,22.42512997538253,22.42512997538253,-33.566542446242956
40681,0.48143841200483894,0.518561587995161,-55.183808124159924,-55.183808124159924,1.5102742564288354
18,0.48143841200483894,0.518561587995161,124.51660231543013,124.51660231543013,-79.16600736497172
41072,0.6782439678375232,0.32175603216247683,-93.09260079538173,-93.09260079538173,28.176837629007917
30828,0.9633289505165944,0.03667104948340563,23.782630226003757,23.782630226003757,-34.28881215173361
1383,0.43953492588948107,0.5604650741105189,151.66253893898758,151.66253893898758,-10.669931300408098
984,0.43953492588948107,0.5604650741105189,157.04377819812524,157.04377819812524,-3.965221346614254
35086,0.4658410611199143,0.5341589388800857,28.982821612500846,28.982821612500846,1.561941832248843
37007,0.48143841200483894,0.518561587995161,-22.46626962620111,-22.46626962620111,-13.231728177523594
3607,0.43953492588948107,0.5604650741105189,181.50768393439142,181.50768393439142,54.68960568538671
7703,0.48143841200483894,0.518561587995161,58.31831132077878,58.31831132077878,-50.023860227687436
19583,0.48143841200483894,0.518561587995161,124.9075592829453,124.9075592829453,-79.90959131537363
37344,0.4658410611199143,0.5341589388800857,-55.00894368077252,-55.00894368077252,30.243805274894207
40248,0.4658410611199143,0.5341589388800857,-73.16289447361146,-73.16289447361146,10.015271455280274
9324,0.48143841200483894,0.518561587995161,130.93605996532304,130.93605996532304,-82.2710355013193
33277,0.9358211757696778,0.06417882423032219,76.9288800068097,76.9288800068097,-58.79049278056694
22575,0.4658410611199143,0.5341589388800857,130.80132054581136,130.80132054581136,-83.28630983304568
24556,0.44471962392852027,0.5552803760714797,139.68961420034898,139.68961420034898,-8.799783719072693
19398,0.48143841200483894,0.518561587995161,128.15612009465556,128.15612009465556,-82.03714610778944
40158,0.4658410611199143,0.5341589388800857,-58.06802622889358,-58.06802622889358,2.7197043878632243
25485,0.48143841200483894,0.518561587995161,22.798944564437967,22.798944564437967,68.9516987597027
26908,0.43953492588948107,0.5604650741105189,154.0376419384624,154.0376419384624,-19.2065517942193
9690,0.48668817573865975,0.5133118242613403,149.99261823272738,149.99261823272738,85.95410479241163
33397,0.48143841200483894,0.518561587995161,-13.071445446481926,-13.071445446481926,55.92234504316485
107,0.6035270814303346,0.39647291856966543,251.89021172192534,251.89021172192534,205.12368272394335
40264,0.48143841200483894,0.518561587995161,-58.04622999834145,-58.04622999834145,2.732455800810626
19476,0.43953492588948107,0.5604650741105189,103.28185589962033,103.28185589962033,-69.4519719351596
41616,0.48143841200483894,0.518561587995161,-68.49466684643593,-68.49466684643593,7.799625218266202
8060,0.9358211757696778,0.06417882423032219,121.85179896623549,121.85179896623549,-79.04611584703083
29192,0.48143841200483894,0.518561587995161,-40.3698689095361,-40.3698689095361,101.35714350201319
17055,0.48143841200483894,0.518561587995161,126.41229989353445,126.41229989353445,-81.12198637748769
19391,0.44471962392852027,0.5552803760714797,-26.504776652032294,-26.504776652032294,-11.533758900239041
285,0.673639578441418,0.326360421558582,123.33835654110425,123.33835654110425,-78.70399060397368
40832,0.44471962392852027,0.5552803760714797,-75.5734955881007,-75.5734955881007,11.222661853435714
42038,0.48143841200483894,0.518561587995161,-75.97022632264141,-75.97022632264141,19.92054407538008
41119,0.48143841200483894,0.518561587995161,-77.57150710710285,-77.57150710710285,11.92388488144885
14508,0.48143841200483894,0.518561587995161,124.28590716063233,124.28590716063233,-79.70439869084713
1399,0.48143841200483894,0.518561587995161,118.11039039611764,118.11039039611764,-77.19903368328794
1464,0.48668817573865975,0.5133118242613403,122.5060081477709,122.5060081477709,-79.43183149799454
35139,0.47107525020729013,0.5289247497927099,-14.216892016645645,-14.216892016645645,14.138798959180432
1022,0.48143841200483894,0.518561587995161,128.5692236064182,128.5692236064182,-80.59389769875267
22171,0.48668817573865975,0.5133118242613403,123.45190214464606,123.45190214464606,-80.09049079857662
1433,0.4658410611199143,0.5341589388800857,125.28218331807416,125.28218331807416,-80.06716612882094
16712,0.48143841200483894,0.518561587995161,130.0969295318685,130.0969295318685,-82.34894359054681
37261,0.44471962392852027,0.5552803760714797,-77.62712426064184,-77.62712426064184,12.232569535130132
40626,0.48143841200483894,0.518561587995161,-51.53045902354549,-51.53045902354549,0.3352094955841071
35360,0.43953492588948107,0.5604650741105189,28.009817045634797,28.009817045634797,-36.359534734670646
638,0.4658410611199143,0.5341589388800857,177.47803755855696,177.47803755855696,40.615238416645816
42856,0.6403639649146463,0.3596360350853537,-75.86761599792467,-75.86761599792467,10.851972860443118
19395,0.43953492588948107,0.5604650741105189,127.4092652234767,127.4092652234767,-81.5193611787024
8741,0.43953492588948107,0.5604650741105189,122.28508910920856,122.28508910920856,-79.24074262609459
29000,0.48143841200483894,0.518561587995161,83.41412470809803,83.41412470809803,-61.34540952437598
41157,0.4658410611199143,0.5341589388800857,-73.35780106828135,-73.35780106828135,25.189525307805745
18365,0.6782439678375232,0.32175603216247683,208.11563238323612,208.11563238323612,122.59492503907167
650,0.42418464829926794,0.5758153517007321,18.155982774443935,18.155982774443935,-31.888802591804993
1286,0.43953492588948107,0.5604650741105189,117.15640431615476,117.15640431615476,-76.89207956633376
286,0.4658410611199143,0.5341589388800857,22.746033517415277,22.746033517415277,-33.44182727860432
35132,0.48143841200483894,0.518561587995161,38.85281006744298,38.85281006744298,-41.39052143840171
1212,0.48143841200483894,0.518561587995161,118.13458735332668,118.13458735332668,-77.29726104250983
26391,0.4658410611199143,0.5341589388800857,83.33298936218839,83.33298936218839,-60.949137759332935
3105,0.43953492588948107,0.5604650741105189,121.22262826198298,121.22262826198298,-78.1449614220888
3162,0.48143841200483894,0.518561587995161,123.95392072156945,123.95392072156945,-78.69950841586622
1140,0.47107525020729013,0.5289247497927099,125.84638422898013,125.84638422898013,-79.4677309486805
17695,0.4658410611199143,0.5341589388800857,132.1433661151432,132.1433661151432,-83.11295401730317
17964,0.48143841200483894,0.518561587995161,197.2748593421009,197.2748593421009,76.47466850361593
44114,0.6782439678375232,0.32175603216247683,-99.95900585185251,-99.95900585185251,22.68817992700483
42018,0.48143841200483894,0.518561587995161,-79.7566084991144,-79.7566084991144,13.21360420306515
2445,0.43953492588948107,0.5604650741105189,159.18066296028147,159.18066296028147,-9.592851492264607
17143,0.48143841200483894,0.518561587995161,133.97479674093944,133.97479674093944,-83.77583489984806
19170,0.48668817573865975,0.5133118242613403,124.63322550727835,124.63322550727835,-80.05279703001919
29904,0.48143841200483894,0.518561587995161,58.993646914731215,58.993646914731215,-49.80684781306808
35363,0.48143841200483894,0.518561587995161,-25.923768589915646,-25.923768589915646,-10.83056824478011
15185,0.48143841200483894,0.518561587995161,125.09878088283598,125.09878088283598,-80.24666070812711
38167,0.48143841200483894,0.518561587995161,-20.369844106140008,-20.369844106140008,-14.005243305957022
40721,0.48143841200483894,0.518561587995161,-52.659363167000514,-52.659363167000514,0.3721063350162335
20131,0.43953492588948107,0.5604650741105189,128.77908343586176,128.77908343586176,-81.68534224537487
32773,0.48143841200483894,0.518561587995161,-21.80278247038529,-21.80278247038529,-12.93869078353484
29454,0.48668817573865975,0.5133118242613403,99.92017339456592,99.92017339456592,-68.88772703666099
1625,0.48143841200483894,0.518561587995161,121.24195555547747,121.24195555547747,-77.73587353167952
6652,0.43953492588948107,0.5604650741105189,164.11631918016127,164.11631918016127,-4.935009976193875
40554,0.48143841200483894,0.518561587995161,-34.49653622632939,-34.49653622632939,-7.853154360771857
40110,0.48143841200483894,0.518561587995161,-72.97806570913268,-72.97806570913268,9.779855905523284
37277,0.48143841200483894,0.518561587995161,-16.275029111108324,-16.275029111108324,-16.212338286586697
955,0.4658410611199143,0.5341589388800857,121.47363664566491,121.47363664566491,-79.04561913351014
29326,0.48143841200483894,0.518561587995161,38.05549357046302,38.05549357046302,-39.51344306089614
1936,0.48143841200483894,0.518561587995161,118.73000749708987,118.73000749708987,-77.43649612240806
20017,0.4658410611199143,0.5341589388800857,135.45664111223675,135.45664111223675,-84.75606572216671
35629,0.43953492588948107,0.5604650741105189,-5.712647652872488,-5.712647652872488,-20.302677016523184
29758,0.43953492588948107,0.5604650741105189,16.979842369122963,16.979842369122963,14.723954080431493
16472,0.48143841200483894,0.518561587995161,136.50183727938025,136.50183727938025,-84.39990688519316
22588,0.9358211757696778,0.06417882423032219,124.77757274881256,124.77757274881256,-79.68191107422167
37902,0.48143841200483894,0.518561587995161,-39.746508710432096,-39.746508710432096,-5.1346638060483265
40275,0.9249081101817799,0.07509188981822014,-75.61596851759475,-75.61596851759475,19.68072648204882
15116,0.4658410611199143,0.5341589388800857,133.76098449143888,133.76098449143888,-84.15114542770317
27073,0.43953492588948107,0.5604650741105189,152.59869849577237,152.59869849577237,-12.685660396366838
37828,0.9249081101817799,0.07509188981822014,-21.916026735042987,-21.916026735042987,9.425886793723036
37716,0.42418464829926794,0.5758153517007321,-57.365813802490145,-57.365813802490145,3.163879712406552
41949,0.6258316939607338,0.37416830603926615,-58.04125358926937,-58.04125358926937,2.7551610486951548
3552,0.42418464829926794,0.5758153517007321,119.94046898175179,119.94046898175179,-77.69037496028685
161,0.44471962392852027,0.5552803760714797,122.59493642003068,122.59493642003068,-78.5455275030351
185,0.4658410611199143,0.5341589388800857,121.70815899336844,121.70815899336844,-78.92878469433326
24544,0.42418464829926794,0.5758153517007321,151.9720424129634,151.9720424129634,-5.36819842599403
544,0.4658410611199143,0.5341589388800857,121.66792651177057,121.66792651177057,-78.38296271615393
209,0.43953492588948107,0.5604650741105189,122.16205394892185,122.16205394892185,-79.24557268028488
29038,0.48143841200483894,0.518561587995161,111.47595098474864,111.47595098474864,-74.39048327570926
26632,0.43953492588948107,0.5604650741105189,63.53978454594408,63.53978454594408,-51.24105378047432
35877,0.9358211757696778,0.06417882423032219,38.53909947370872,38.53909947370872,-41.265328909353805
953,0.48143841200483894,0.518561587995161,119.14226879301059,119.14226879301059,-77.70758670485765
1280,0.4658410611199143,0.5341589388800857,119.342196365985,119.342196365985,-77.71278016307615
41567,0.4293269794443071,0.5706730205556929,-74.9939275981963,-74.9939275981963,10.82186992258973
32807,0.9249081101817799,0.07509188981822014,77.50364562543797,77.50364562543797,-58.864202167312406
5596,0.4658410611199143,0.5341589388800857,129.40159592907952,129.40159592907952,-82.05099771635057
40443,0.4658410611199143,0.5341589388800857,-55.00138740630059,-55.00138740630059,1.416848424716715
40715,0.48143841200483894,0.518561587995161,-94.38302878447699,-94.38302878447699,26.412530054171285
25401,0.48143841200483894,0.518561587995161,125.78285224226137,125.78285224226137,-80.85299636987587
88,0.6597374481608782,0.34026255183912185,146.9283321630175,146.9283321630175,-16.68567805151012
33457,0.6782439678375232,0.32175603216247683,-14.80538332771085,-14.80538332771085,-16.22130389473436
41238,0.4658410611199143,0.5341589388800857,-60.65956748602643,-60.65956748602643,4.202176595986194
1191,0.42418464829926794,0.5758153517007321,125.46284077727825,125.46284077727825,-79.93748841654045
36214,0.48143841200483894,0.518561587995161,-54.64736567130991,-54.64736567130991,2.7783726071876447
40825,0.6644402721173683,0.3355597278826316,-54.84762952717542,-54.84762952717542,1.4146350176270206
39488,0.48668817573865975,0.5133118242613403,-43.73474641674901,-43.73474641674901,-3.4127846732909357
16644,0.48143841200483894,0.518561587995161,131.7007289636888,131.7007289636888,-83.45620490273656
37950,0.48668817573865975,0.5133118242613403,-13.311497194781287,-13.311497194781287,-17.67271730373087
38250,0.48143841200483894,0.518561587995161,-66.78773334013363,-66.78773334013363,22.568313124037157
37808,0.48668817573865975,0.5133118242613403,-11.157886758615602,-11.157886758615602,-18.508650378907173
2060,0.48143841200483894,0.518561587995161,121.29370499344482,121.29370499344482,-78.89422686899647
23905,0.48143841200483894,0.518561587995161,-8.132043800776879,-8.132043800776879,-19.292571397962366
25273,0.43953492588948107,0.5604650741105189,124.21781976030444,124.21781976030444,-80.08919954454618
29383,0.48143841200483894,0.518561587995161,125.36847546722021,125.36847546722021,-80.79518702313898
43362,0.48143841200483894,0.518561587995161,-71.32518190737613,-71.32518190737613,8.935345264094346
35049,0.48143841200483894,0.518561587995161,-23.54481724137544,-23.54481724137544,20.85484436381832
165,0.43953492588948107,0.5604650741105189,123.92982132002086,123.92982132002086,-78.89740311425251
17455,0.48143841200483894,0.518561587995161,93.07780432587622,93.07780432587622,-65.75645251268989
37797,0.48668817573865975,0.5133118242613403,-22.21616485550668,-22.21616485550668,-13.136547485379706
25012,0.48143841200483894,0.518561587995161,-15.17683755956754,-15.17683755956754,-15.859771238388237
19498,0.43953492588948107,0.5604650741105189,153.73506018536315,153.73506018536315,-20.13982414474384
1416,0.48143841200483894,0.518561587995161,126.09182993444082,126.09182993444082,-79.45125382293624
37205,0.48143841200483894,0.518561587995161,-22.417760603542046,-22.417760603542046,-13.246878701558344
37417,0.48668817573865975,0.5133118242613403,-56.960887474909555,-56.960887474909555,2.903359244790011
37115,0.43953492588948107,0.5604650741105189,-32.64339066756746,-32.64339066756746,-8.582225680283022
43077,0.48668817573865975,0.5133118242613403,-92.49054616212462,-92.49054616212462,18.969308471354402
9749,0.48143841200483894,0.518561587995161,127.03501282992991,127.03501282992991,-81.17732708118754
708,0.48143841200483894,0.518561587995161,352.13926497107155,352.13926497107155,416.30578230405246
9437,0.48143841200483894,0.518561587995161,339.59636207685446,339.59636207685446,382.7118556980265
38830,0.44471962392852027,0.5552803760714797,-19.38452999119109,-19.38452999119109,-14.651571032866764
2026,0.48143841200483894,0.518561587995161,129.92839165865777,129.92839165865777,-81.55792458345645
35439,0.48143841200483894,0.518561587995161,-36.257047099188476,-36.257047099188476,-6.0014226533937
27820,0.43953492588948107,0.5604650741105189,131.16231714880504,131.16231714880504,-14.910819542258263
40547,0.48143841200483894,0.518561587995161,-72.03702632774151,-72.03702632774151,16.82067443233202
15194,0.44471962392852027,0.5552803760714797,136.2776202606545,136.2776202606545,-0.004905120277609361
40813,0.43953492588948107,0.5604650741105189,-61.448249327939244,-61.448249327939244,4.463374034561978
5573,0.48143841200483894,0.518561587995161,125.06800542533165,125.06800542533165,-79.54832203721705
22802,0.48143841200483894,0.518561587995161,127.65974836762348,127.65974836762348,-81.91584270317692
39861,0.48668817573865975,0.5133118242613403,-61.58349961970484,-61.58349961970484,4.4983151652796876
1012,0.4658410611199143,0.5341589388800857,24.822743763819705,24.822743763819705,-34.6840892685263
36307,0.4658410611199143,0.5341589388800857,8.841318540831265,8.841318540831265,4.223433071855415
32812,0.43953492588948107,0.5604650741105189,26.459150142284518,26.459150142284518,-35.0188170420906
40278,0.48143841200483894,0.518561587995161,-52.745171837174105,-52.745171837174105,0.3266199703775223
37312,0.48143841200483894,0.518561587995161,-42.721628029915806,-42.721628029915806,-3.1778467295787705
93,0.6644402721173683,0.3355597278826316,154.027161024063,154.027161024063,-8.412562940464294
25550,0.48143841200483894,0.518561587995161,95.48695644560235,95.48695644560235,-66.8219450900225
19212,0.48143841200483894,0.518561587995161,93.0409067665932,93.0409067665932,-65.99926634624042
887,0.48143841200483894,0.518561587995161,148.61402324520796,148.61402324520796,-15.282900709322522
14101,0.48668817573865975,0.5133118242613403,102.29906362202266,102.29906362202266,4.776270853106686
31497,0.48143841200483894,0.518561587995161,-21.873804330318507,-21.873804330318507,-13.453478414947439
15586,0.48143841200483894,0.518561587995161,322.6839273540232,322.6839273540232,350.50039783128165
6616,0.48143841200483894,0.518561587995161,353.3614283109515,353.3614283109515,423.1823689159619
39851,0.48143841200483894,0.518561587995161,-66.00287110041278,-66.00287110041278,6.6196767455531775
28784,0.48143841200483894,0.518561587995161,78.14291024719341,78.14291024719341,-58.7302108174043
28704,0.9249081101817799,0.07509188981822014,103.42832961776362,103.42832961776362,-70.43206169802058
1409,0.48143841200483894,0.518561587995161,511.09392530531005,511.09392530531005,851.8029343397474
44047,0.48143841200483894,0.518561587995161,-74.821233495384,-74.821233495384,10.805227881778961
8839,0.43953492588948107,0.5604650741105189,246.59687183891336,246.59687183891336,216.90758664589782
5499,0.920445347697676,0.07955465230232393,122.21888376058234,122.21888376058234,-79.39540942092357
40222,0.6782439678375232,0.32175603216247683,-58.22169433843418,-58.22169433843418,2.923065436730945
36154,0.44471962392852027,0.5552803760714797,-63.73296797870618,-63.73296797870618,49.59893525546441
38722,0.48143841200483894,0.518561587995161,-13.015102108012954,-13.015102108012954,-17.520247888738457
35560,0.48143841200483894,0.518561587995161,9.617123237087256,9.617123237087256,-27.803226700501586
40391,0.48143841200483894,0.518561587995161,-48.44837966429777,-48.44837966429777,-1.6490168965098542
10726,0.4658410611199143,0.5341589388800857,121.2972264984751,121.2972264984751,-78.19955290309453
17279,0.48668817573865975,0.5133118242613403,75.76461340538911,75.76461340538911,-55.83745717429064
40118,0.4658410611199143,0.5341589388800857,-55.704613666012044,-55.704613666012044,1.666698118834815
32589,0.9249081101817799,0.07509188981822014,80.764555909804,80.764555909804,-60.393997180213994
39886,0.4658410611199143,0.5341589388800857,-73.61418464123575,-73.61418464123575,10.18826681601882
3001,0.48668817573865975,0.5133118242613403,123.95376760494622,123.95376760494622,-79.2085980485787
28587,0.673639578441418,0.326360421558582,47.39233383645184,47.39233383645184,-44.51474963139751
40395,0.48143841200483894,0.518561587995161,-76.67317540975853,-76.67317540975853,17.81635057811154
32651,0.9249081101817799,0.07509188981822014,74.00891574591272,74.00891574591272,-57.347904944744606
1424,0.48143841200483894,0.518561587995161,171.5751765389917,171.5751765389917,0.9651756881362815
42258,0.6035270814303346,0.39647291856966543,-73.85234232192258,-73.85234232192258,10.318950905763364
39760,0.4658410611199143,0.5341589388800857,-57.8036458005573,-57.8036458005573,2.571731077397377
39699,0.48143841200483894,0.518561587995161,-59.50317600541977,-59.50317600541977,14.400910245589097
18666,0.6782439678375232,0.32175603216247683,126.58446095414223,126.58446095414223,-14.345674931760376
525,0.5884629064182426,0.4115370935817574,35.15102537168993,35.15102537168993,-2.1934444139995897
37095,0.4658410611199143,0.5341589388800857,-29.969641751833567,-29.969641751833567,-9.854162992761319
33140,0.6782439678375232,0.32175603216247683,-63.41793195994805,-63.41793195994805,5.241199443075583
331,0.48143841200483894,0.518561587995161,24.452788482131677,24.452788482131677,-34.716148100915106
29097,0.48668817573865975,0.5133118242613403,52.90392083762329,52.90392083762329,10.342235524924627
29233,0.9370721645470576,0.06292783545294245,49.131580654944656,49.131580654944656,-45.9940696493352
1637,0.48143841200483894,0.518561587995161,119.2523102273766,119.2523102273766,-77.33368618420268
631,0.43953492588948107,0.5604650741105189,154.59719796682208,154.59719796682208,-7.560593853405511
6697,0.48143841200483894,0.518561587995161,124.95103367101581,124.95103367101581,-80.33146192513111
1259,0.43953492588948107,0.5604650741105189,123.23948906702147,123.23948906702147,-78.41294451632147
2003,0.48143841200483894,0.518561587995161,132.07411080833808,132.07411080833808,-81.56621921915013
37054,0.48143841200483894,0.518561587995161,-35.12624805581471,-35.12624805581471,-7.277058570785842
43167,0.43953492588948107,0.5604650741105189,-79.54641511080742,-79.54641511080742,12.742619926668878
22706,0.48143841200483894,0.518561587995161,135.0436142763293,135.0436142763293,-84.84255666505105
36678,0.48668817573865975,0.5133118242613403,-37.27367769743492,-37.27367769743492,-6.210545695741673
10482,0.43953492588948107,0.5604650741105189,359.16961868212053,359.16961868212053,420.4546544372259
5974,0.43953492588948107,0.5604650741105189,129.04447256890754,129.04447256890754,-81.06502373444327
41010,0.6782439678375232,0.32175603216247683,-61.635104008609595,-61.635104008609595,4.554696332728905
42396,0.48668817573865975,0.5133118242613403,-69.44120574104859,-69.44120574104859,8.338622436643805
32831,0.48668817573865975,0.5133118242613403,45.326484840385326,45.326484840385326,3.1888114376479715
35927,0.7735973732373289,0.22640262676267114,10.754173090745205,10.754173090745205,28.688966859154924
28739,0.931959272226923,0.06804072777307697,109.64487121915508,109.64487121915508,-73.44914746806515
40235,0.43953492588948107,0.5604650741105189,-55.82664093239262,-55.82664093239262,1.7216117125677766
37572,0.47107525020729013,0.5289247497927099,-37.079674530913024,-37.079674530913024,-5.88227569407653
39618,0.47107525020729013,0.5289247497927099,-66.61792078171207,-66.61792078171207,6.840680951270575
41242,0.48143841200483894,0.518561587995161,-72.82443197956582,-72.82443197956582,9.721970626258386
32735,0.48143841200483894,0.518561587995161,44.34540064592502,44.34540064592502,-43.20041422810401
5853,0.48143841200483894,0.518561587995161,129.26581021458722,129.26581021458722,-81.90887638078253
12575,0.5625244831428585,0.4374755168571415,212.99378886708269,212.99378886708269,242.8806838599766
37842,0.48143841200483894,0.518561587995161,-13.556390191617668,-13.556390191617668,-17.441438233258495
1822,0.4658410611199143,0.5341589388800857,117.13187335450264,117.13187335450264,-76.9871026060058
1036,0.43953492588948107,0.5604650741105189,196.7677396793724,196.7677396793724,94.28955810763267
1071,0.4658410611199143,0.5341589388800857,129.1457307624727,129.1457307624727,-81.38133354800799
38145,0.9700763150429996,0.02992368495700037,-14.286069141248728,-14.286069141248728,-17.005874512058348
12797,0.48143841200483894,0.518561587995161,175.60989902664673,175.60989902664673,-2.5977634528860643
3494,0.4658410611199143,0.5341589388800857,122.47737438986357,122.47737438986357,-79.20934468525323
3195,0.48143841200483894,0.518561587995161,119.34303784944692,119.34303784944692,-77.48210232010818
41781,0.9654763090608041,0.034523690939195946,-68.47686663942076,-68.47686663942076,16.34881557248074
5510,0.4658410611199143,0.5341589388800857,133.9181400854554,133.9181400854554,-83.80211976042993
28602,0.6644402721173683,0.3355597278826316,118.80532164957401,118.80532164957401,-77.68492153202253
8347,0.48143841200483894,0.518561587995161,268.36971793298136,268.36971793298136,239.26559999416813
25360,0.48143841200483894,0.518561587995161,123.04966139614538,123.04966139614538,-79.62898098755416
37536,0.48143841200483894,0.518561587995161,-60.817240171341446,-60.817240171341446,44.566088044614204
32815,0.48143841200483894,0.518561587995161,76.6618922196944,76.6618922196944,-58.515613399522984
37752,0.43953492588948107,0.5604650741105189,-24.666096630624693,-24.666096630624693,-12.255833816887987
35195,0.4658410611199143,0.5341589388800857,-13.240081285303201,-13.240081285303201,-16.987502344566057
10378,0.931959272226923,0.06804072777307697,128.9629070910431,128.9629070910431,-81.95349126130068
40739,0.48143841200483894,0.518561587995161,-78.00718856153449,-78.00718856153449,12.17431612480717
9747,0.48668817573865975,0.5133118242613403,122.61266162916567,122.61266162916567,-79.6923178585299
40983,0.9249081101817799,0.07509188981822014,-58.025958602977646,-58.025958602977646,2.6939449713402523
6700,0.48143841200483894,0.518561587995161,158.45423017487724,158.45423017487724,-8.158730930387863
4869,0.43953492588948107,0.5604650741105189,51.5211444680069,51.5211444680069,-47.0342117332436
26068,0.931959272226923,0.06804072777307697,125.42285673902109,125.42285673902109,-80.83773972324245
34481,0.9219710559274219,0.07802894407257807,22.434975563287914,22.434975563287914,2.5132988243644325
40308,0.48143841200483894,0.518561587995161,-73.6004800459365,-73.6004800459365,10.060252466551578
20344,0.48143841200483894,0.518561587995161,194.4403435020929,194.4403435020929,187.65406366790893
30292,0.48143841200483894,0.518561587995161,79.62578109115253,79.62578109115253,-58.87674698161128
39376,0.48143841200483894,0.518561587995161,-29.72860799697218,-29.72860799697218,-10.021107107732234
39639,0.43953492588948107,0.5604650741105189,-57.8493297180126,-57.8493297180126,2.678392399446895
1702,0.48668817573865975,0.5133118242613403,136.26714938977733,136.26714938977733,-84.510719542505
204,0.7607121989473129,0.23928780105268713,117.83834402838295,117.83834402838295,-77.49232564939814
35053,0.9358211757696778,0.06417882423032219,31.510085082396667,31.510085082396667,-38.145324209249196
23231,0.4658410611199143,0.5341589388800857,123.61447484164573,123.61447484164573,-80.0761904294823
20920,0.48668817573865975,0.5133118242613403,122.84900340574562,122.84900340574562,-79.58096968788898
6010,0.48143841200483894,0.518561587995161,106.18368795465855,106.18368795465855,-71.40747419904075
41283,0.673639578441418,0.326360421558582,-65.78177436211617,-65.78177436211617,6.519914331131621
25271,0.48143841200483894,0.518561587995161,-79.64211137358306,-79.64211137358306,13.283509219490298
13815,0.48143841200483894,0.518561587995161,-89.83258761146573,-89.83258761146573,18.03836661930775
8342,0.48143841200483894,0.518561587995161,61.46682900281116,61.46682900281116,182.22739624265787
2597,0.48143841200483894,0.518561587995161,-99.52252407510872,-99.52252407510872,29.945940476145577
659,0.48668817573865975,0.5133118242613403,-86.94629419386771,-86.94629419386771,16.636871384468204
3484,0.4658410611199143,0.5341589388800857,-94.49377415519551,-94.49377415519551,20.005198560541274
28805,0.48143841200483894,0.518561587995161,-101.52847674076071,-101.52847674076071,25.241460286331534
29967,0.48668817573865975,0.5133118242613403,14.156395123853228,14.156395123853228,13.4160177629833
35131,0.48143841200483894,0.518561587995161,-33.82906180056237,-33.82906180056237,-8.007903779350526
15866,0.5884629064182426,0.4115370935817574,-88.83912050220565,-88.83912050220565,17.926148954268903
41305,0.48668817573865975,0.5133118242613403,-88.14853521847851,-88.14853521847851,17.11493083360114
13958,0.4658410611199143,0.5341589388800857,124.3754639000779,124.3754639000779,-79.98406548542292
11587,0.48143841200483894,0.518561587995161,-94.88831931785296,-94.88831931785296,20.48761835831947
40398,0.48668817573865975,0.5133118242613403,-98.33473432500627,-98.33473432500627,22.279418705748977
7856,0.48143841200483894,0.518561587995161,-104.20604531403201,-104.20604531403201,25.525782917364594
13290,0.48143841200483894,0.518561587995161,-102.46882582559388,-102.46882582559388,24.879360046089893
24095,0.48143841200483894,0.518561587995161,-61.4374358570761,-61.4374358570761,11.511984090952534
15493,0.44471962392852027,0.5552803760714797,-103.69984333849179,-103.69984333849179,26.102298650452788
3446,0.48143841200483894,0.518561587995161,-61.28769894559891,-61.28769894559891,5.944717417467979
1387,0.44471962392852027,0.5552803760714797,-98.61778592834966,-98.61778592834966,22.575342863864815
32988,0.48143841200483894,0.518561587995161,-98.8780061352914,-98.8780061352914,21.702050264753566
19549,0.42418464829926794,0.5758153517007321,-41.505606378561495,-41.505606378561495,-3.527639680480303
31681,0.48143841200483894,0.518561587995161,-11.4131534772772,-11.4131534772772,-0.28864148251237176
24432,0.42418464829926794,0.5758153517007321,-94.43982303033579,-94.43982303033579,26.503559190069467
28352,0.48143841200483894,0.518561587995161,-19.70029112108866,-19.70029112108866,16.63150370807724
41380,0.6403639649146463,0.3596360350853537,-96.68459639157379,-96.68459639157379,28.7527310507255
28703,0.48143841200483894,0.518561587995161,-92.27274433586152,-92.27274433586152,19.242418119656982
24440,0.42418464829926794,0.5758153517007321,-50.68153139352564,-50.68153139352564,21.947962308617964
6655,0.4658410611199143,0.5341589388800857,-67.11902080954596,-67.11902080954596,8.1837366537949
36047,0.48143841200483894,0.518561587995161,-55.7384360190337,-55.7384360190337,30.4377142561575
24322,0.47107525020729013,0.5289247497927099,-104.77401653005765,-104.77401653005765,27.012625563837528
10976,0.48143841200483894,0.518561587995161,-102.94000374587702,-102.94000374587702,25.44565408484734
28034,0.48143841200483894,0.518561587995161,-80.94194054506826,-80.94194054506826,32.693119174072855
13735,0.48143841200483894,0.518561587995161,29.365411405490125,29.365411405490125,-33.78491953383603
22552,0.43953492588948107,0.5604650741105189,-96.50888692622804,-96.50888692622804,21.09658913789437
26364,0.48143841200483894,0.518561587995161,-90.48205155700367,-90.48205155700367,18.81209209530346
1001,0.43953492588948107,0.5604650741105189,-14.47180935069241,-14.47180935069241,-16.33119288595642
13813,0.673639578441418,0.326360421558582,-100.50864174273111,-100.50864174273111,23.109943194490526
2182,0.48143841200483894,0.518561587995161,17.830798933438253,17.830798933438253,-30.997828740646227
8201,0.4658410611199143,0.5341589388800857,-32.52589235431473,-32.52589235431473,-6.791920319038134
355,0.48143841200483894,0.518561587995161,36.470037195298204,36.470037195298204,26.24684688117525
28174,0.6782439678375232,0.32175603216247683,-9.640275219429103,-9.640275219429103,7.128312954383728
35281,0.48143841200483894,0.518561587995161,-83.60449502398113,-83.60449502398113,21.829958228710368
14372,0.43953492588948107,0.5604650741105189,-99.05156953890126,-99.05156953890126,22.44982132839146
1260,0.48143841200483894,0.518561587995161,178.38960815772086,178.38960815772086,371.68984445111624
6147,0.48143841200483894,0.518561587995161,-101.9646848013331,-101.9646848013331,24.38263173642965
29520,0.48143841200483894,0.518561587995161,-94.03900176581304,-94.03900176581304,20.05994136585391
573,0.42418464829926794,0.5758153517007321,-5.159094657258248,-5.159094657258248,56.82899697348738
229,0.6085458299938353,0.39145417000616467,84.00337260302081,84.00337260302081,6.193457260438852
13411,0.44471962392852027,0.5552803760714797,-68.02958242698344,-68.02958242698344,9.165496386648206
1817,0.42418464829926794,0.5758153517007321,-91.91532921961219,-91.91532921961219,18.531948095805514
35675,0.48143841200483894,0.518561587995161,-76.51740167065863,-76.51740167065863,12.734016675086822
3348,0.43953492588948107,0.5604650741105189,-93.30010183370483,-93.30010183370483,19.749870716887372
17196,0.48143841200483894,0.518561587995161,-60.1021105443035,-60.1021105443035,4.849679371135616
4547,0.48143841200483894,0.518561587995161,-103.39972942851152,-103.39972942851152,25.69121934620809
591,0.43953492588948107,0.5604650741105189,28.2570892175782,28.2570892175782,-34.71189236940824
26602,0.48143841200483894,0.518561587995161,-83.29688284618275,-83.29688284618275,14.780336296078252
13058,0.48143841200483894,0.518561587995161,-100.85668007887791,-100.85668007887791,23.274699222698047
26895,0.43953492588948107,0.5604650741105189,-94.56432487748829,-94.56432487748829,20.11465249680359
37590,0.48143841200483894,0.518561587995161,-101.73013386873536,-101.73013386873536,24.155711392716317
8742,0.48143841200483894,0.518561587995161,-88.22922378043619,-88.22922378043619,35.571678144210864
12130,0.43953492588948107,0.5604650741105189,-101.37232557285421,-101.37232557285421,22.78547267503027
3406,0.48143841200483894,0.518561587995161,-45.31349054228191,-45.31349054228191,36.966504420520494
25664,0.48143841200483894,0.518561587995161,-82.0512357269807,-82.0512357269807,14.199583534662143
29823,0.43953492588948107,0.5604650741105189,-85.17780461332825,-85.17780461332825,18.824433042752442
22091,0.48143841200483894,0.518561587995161,-103.35532137970712,-103.35532137970712,25.661667088783048
8382,0.43953492588948107,0.5604650741105189,-44.099027405165394,-44.099027405165394,-1.4629516268999905
33595,0.48668817573865975,0.5133118242613403,-75.78217937265858,-75.78217937265858,12.240860406746364
3919,0.48143841200483894,0.518561587995161,-95.85314018121949,-95.85314018121949,21.273926380133275
800,0.43953492588948107,0.5604650741105189,-55.90795959326939,-55.90795959326939,3.074310041883926
26763,0.48143841200483894,0.518561587995161,-92.03178527801546,-92.03178527801546,19.24613364664982
3512,0.4658410611199143,0.5341589388800857,0.5318782972540671,0.5318782972540671,-23.299967089467895
8561,0.48143841200483894,0.518561587995161,-90.63092794203479,-90.63092794203479,18.575481204612988
3213,0.48143841200483894,0.518561587995161,-100.74232244995864,-100.74232244995864,23.29382863634623
24393,0.42418464829926794,0.5758153517007321,-92.18005168043685,-92.18005168043685,25.52528282305531
8193,0.43953492588948107,0.5604650741105189,-103.72077677245333,-103.72077677245333,26.08563250425726
4201,0.48143841200483894,0.518561587995161,-92.86982304038914,-92.86982304038914,19.49599041189394
12881,0.48143841200483894,0.518561587995161,-74.27434484780672,-74.27434484780672,11.394559017867238
32648,0.42418464829926794,0.5758153517007321,-79.20895937306325,-79.20895937306325,13.268566756563992
4362,0.4658410611199143,0.5341589388800857,140.74582781789675,140.74582781789675,-86.03949484811737
11795,0.43953492588948107,0.5604650741105189,-35.879342767291476,-35.879342767291476,8.181807729911096
13092,0.48143841200483894,0.518561587995161,-97.17506960964128,-97.17506960964128,21.47248961461176
10739,0.43953492588948107,0.5604650741105189,128.66829569608072,128.66829569608072,-80.93106722334204
1370,0.48668817573865975,0.5133118242613403,-61.46092335774763,-61.46092335774763,4.9887893852240675
1870,0.48143841200483894,0.518561587995161,-84.7502059049542,-84.7502059049542,23.480337554727583
8203,0.48143841200483894,0.518561587995161,-103.56797444886818,-103.56797444886818,25.834607668700823
14813,0.42418464829926794,0.5758153517007321,131.93256084492796,131.93256084492796,-82.72304114701299
26599,0.48143841200483894,0.518561587995161,47.51876731495229,47.51876731495229,-43.506300996001414
11799,0.48143841200483894,0.518561587995161,139.86114258493959,139.86114258493959,-85.44580053673246
6239,0.48143841200483894,0.518561587995161,157.92212048646059,157.92212048646059,-6.905019784435852
2116,0.4658410611199143,0.5341589388800857,-55.34621409741922,-55.34621409741922,1.9606236090660025
4681,0.48143841200483894,0.518561587995161,-97.00111514171759,-97.00111514171759,21.054634343844885
23187,0.4658410611199143,0.5341589388800857,-96.63641837749944,-96.63641837749944,21.01206055311272
38219,0.44471962392852027,0.5552803760714797,-103.87389644651742,-103.87389644651742,26.129942536050898
33803,0.48143841200483894,0.518561587995161,-95.54313906742034,-95.54313906742034,20.92754309300668
10104,0.48668817573865975,0.5133118242613403,-88.54755704534469,-88.54755704534469,17.283889608993064
35680,0.48143841200483894,0.518561587995161,-102.39022092988435,-102.39022092988435,23.56691956312645
15363,0.43953492588948107,0.5604650741105189,-61.97770921633841,-61.97770921633841,5.05132914061104
22704,0.48143841200483894,0.518561587995161,-99.44784927977774,-99.44784927977774,22.445461034705406
13144,0.43953492588948107,0.5604650741105189,1.9347018077687388,1.9347018077687388,-23.96446435184063
15455,0.48143841200483894,0.518561587995161,-94.92781688452577,-94.92781688452577,20.327927322685838
11239,0.43953492588948107,0.5604650741105189,-41.62725672513985,-41.62725672513985,-2.744601080083622
2197,0.44471962392852027,0.5552803760714797,-74.88807808775964,-74.88807808775964,32.309976496478455
35107,0.48143841200483894,0.518561587995161,-86.38871946037968,-86.38871946037968,16.47285686262395
33035,0.48668817573865975,0.5133118242613403,-70.97963569791563,-70.97963569791563,9.704275274936407
6523,0.48143841200483894,0.518561587995161,-36.19947843101671,-36.19947843101671,-4.122320560474535
32,0.48143841200483894,0.518561587995161,194.01294571090722,194.01294571090722,274.2089566764897
21160,0.43953492588948107,0.5604650741105189,-85.68629419841281,-85.68629419841281,29.078669950004524
32245,0.43953492588948107,0.5604650741105189,-103.64029216889163,-103.64029216889163,25.963119026268366
39377,0.48143841200483894,0.518561587995161,-86.04978076183697,-86.04978076183697,24.780305200731494
280,0.48143841200483894,0.518561587995161,-90.69789497988587,-90.69789497988587,18.462409855128158
37431,0.48143841200483894,0.518561587995161,-88.94775677914745,-88.94775677914745,17.60071332576332
28856,0.48143841200483894,0.518561587995161,-61.52871184931745,-61.52871184931745,38.002854699273165
10346,0.48143841200483894,0.518561587995161,-102.12543471592105,-102.12543471592105,24.831486999517534
13721,0.43953492588948107,0.5604650741105189,-103.38173308352977,-103.38173308352977,25.82227441182686
18682,0.42418464829926794,0.5758153517007321,-95.06861857379896,-95.06861857379896,20.364059421369973
23676,0.43953492588948107,0.5604650741105189,-53.976668526447895,-53.976668526447895,4.360878702948953
18629,0.4658410611199143,0.5341589388800857,-67.82170207710651,-67.82170207710651,21.442592552895015
27936,0.48668817573865975,0.5133118242613403,-86.83163638390815,-86.83163638390815,16.375314572780507
6853,0.48143841200483894,0.518561587995161,-102.41109301089398,-102.41109301089398,24.82369711932474
8361,0.48143841200483894,0.518561587995161,142.59529715355842,142.59529715355842,-85.61764300175989
10275,0.48143841200483894,0.518561587995161,127.87309847117253,127.87309847117253,-81.05314420389034
5968,0.48143841200483894,0.518561587995161,-101.95069658850507,-101.95069658850507,24.594354953160735
24532,0.42418464829926794,0.5758153517007321,-88.96058818130282,-88.96058818130282,23.89055914867976
33810,0.42418464829926794,0.5758153517007321,-34.33941678572576,-34.33941678572576,-7.238298650933276
10749,0.43953492588948107,0.5604650741105189,-103.4036563553969,-103.4036563553969,25.685322818360472
20246,0.48143841200483894,0.518561587995161,-30.691546901499734,-30.691546901499734,-8.297050700477445
22196,0.4658410611199143,0.5341589388800857,-88.00504974350233,-88.00504974350233,16.78213199779944
1205,0.43953492588948107,0.5604650741105189,-92.75506489241191,-92.75506489241191,19.269479994379356
39681,0.48143841200483894,0.518561587995161,-100.17928757804066,-100.17928757804066,22.760416815116077
120,0.48143841200483894,0.518561587995161,-55.795837309206455,-55.795837309206455,23.554602648255948
6517,0.48143841200483894,0.518561587995161,-98.36542031982329,-98.36542031982329,28.908659604979842
27206,0.48668817573865975,0.5133118242613403,-100.6602930506497,-100.6602930506497,23.494285557371885
37973,0.6403639649146463,0.3596360350853537,-97.19313865874476,-97.19313865874476,21.49691849411462
26474,0.6782439678375232,0.32175603216247683,-77.74200573138734,-77.74200573138734,18.46019491667739
11616,0.47107525020729013,0.5289247497927099,-98.28550894079015,-98.28550894079015,22.92673797479271
22383,0.42418464829926794,0.5758153517007321,-50.68092047232653,-50.68092047232653,14.991687405419896
3991,0.48143841200483894,0.518561587995161,115.46598224686348,115.46598224686348,158.17541716538497
18820,0.4658410611199143,0.5341589388800857,-103.63705732437755,-103.63705732437755,24.8957138962544
6909,0.48668817573865975,0.5133118242613403,-63.983167171131036,-63.983167171131036,6.649662060769114
4641,0.48143841200483894,0.518561587995161,59.15248064630518,59.15248064630518,31.00788933767324
20045,0.48143841200483894,0.518561587995161,-84.16855847906267,-84.16855847906267,15.875370992427587
8095,0.48143841200483894,0.518561587995161,-72.7052597648591,-72.7052597648591,29.507459349626554
25137,0.43953492588948107,0.5604650741105189,-91.26708597718726,-91.26708597718726,19.129842843063887
26324,0.48143841200483894,0.518561587995161,-99.09541352222,-99.09541352222,23.47132588117445
34813,0.42418464829926794,0.5758153517007321,-81.61286327349757,-81.61286327349757,25.44892731817715
12452,0.48143841200483894,0.518561587995161,-101.33379452864881,-101.33379452864881,22.828082641525693
16048,0.43953492588948107,0.5604650741105189,-71.30491778427145,-71.30491778427145,9.831538356360083
10191,0.4658410611199143,0.5341589388800857,-95.10656638760823,-95.10656638760823,20.525424767003923
13276,0.4658410611199143,0.5341589388800857,-87.32834763606616,-87.32834763606616,16.870150088607694
40428,0.48143841200483894,0.518561587995161,-91.67146239392366,-91.67146239392366,18.96293465550184
10451,0.48668817573865975,0.5133118242613403,-82.91728613696998,-82.91728613696998,14.923583302666154
11867,0.43953492588948107,0.5604650741105189,-92.5439568454903,-92.5439568454903,19.686329816540255
1950,0.42418464829926794,0.5758153517007321,-96.25803118362883,-96.25803118362883,21.42523591153561
13805,0.4658410611199143,0.5341589388800857,-95.2081085728426,-95.2081085728426,20.87331959194338
818,0.4658410611199143,0.5341589388800857,-84.6757573327608,-84.6757573327608,15.437360967724201
22363,0.48143841200483894,0.518561587995161,-94.02816663790418,-94.02816663790418,19.27838906567377
10099,0.43953492588948107,0.5604650741105189,-34.02677024026567,-34.02677024026567,-7.723172070276475
1189,0.43953492588948107,0.5604650741105189,75.85506830867789,75.85506830867789,43.58449269785066
8473,0.42418464829926794,0.5758153517007321,-101.8690917676792,-101.8690917676792,25.056944351031603
20112,0.4658410611199143,0.5341589388800857,-73.30939263747753,-73.30939263747753,11.393318076826487
9783,0.48143841200483894,0.518561587995161,-44.93553145273636,-44.93553145273636,-2.75708257182544
11233,0.4658410611199143,0.5341589388800857,-60.95362291890465,-60.95362291890465,5.4076225750077285
9722,0.4658410611199143,0.5341589388800857,-31.542914145975466,-31.542914145975466,16.3676437225771
13519,0.48143841200483894,0.518561587995161,-101.465655847533,-101.465655847533,23.83260968228681
10428,0.48668817573865975,0.5133118242613403,-77.70070733938027,-77.70070733938027,25.301047643195183
37458,0.48143841200483894,0.518561587995161,-97.6512337286578,-97.6512337286578,22.088718144910583
2429,0.43953492588948107,0.5604650741105189,-89.6993532683811,-89.6993532683811,28.622516892970523
8918,0.4658410611199143,0.5341589388800857,-102.01659093404815,-102.01659093404815,23.70788366392944
27957,0.48143841200483894,0.518561587995161,-55.6116122766572,-55.6116122766572,34.554317948800566
17993,0.43953492588948107,0.5604650741105189,-101.74926000720426,-101.74926000720426,24.37810326598477
5141,0.48143841200483894,0.518561587995161,-84.34070581922408,-84.34070581922408,15.823113868141455
10072,0.48143841200483894,0.518561587995161,-42.3614153964321,-42.3614153964321,26.600178920312537
13718,0.44471962392852027,0.5552803760714797,-101.92688821732762,-101.92688821732762,24.64471806514988
29355,0.48143841200483894,0.518561587995161,-53.26457584327873,-53.26457584327873,2.2796190943956494
3594,0.44471962392852027,0.5552803760714797,-99.9933898827953,-99.9933898827953,22.59560101869613
4627,0.48668817573865975,0.5133118242613403,-49.527713497210705,-49.527713497210705,28.89437444386884
29474,0.4658410611199143,0.5341589388800857,-77.02786195070306,-77.02786195070306,36.64444455173123
34948,0.48143841200483894,0.518561587995161,-101.85031927550551,-101.85031927550551,24.30482493815198
10978,0.4658410611199143,0.5341589388800857,-97.49221354657253,-97.49221354657253,21.56993628313427
3899,0.4658410611199143,0.5341589388800857,148.37177154219512,148.37177154219512,-77.05972188520622
13416,0.43953492588948107,0.5604650741105189,-64.72557476960601,-64.72557476960601,7.215440261514617
4558,0.4658410611199143,0.5341589388800857,126.81295232622568,126.81295232622568,-81.1880155600119
35991,0.48143841200483894,0.518561587995161,-67.90411939113581,-67.90411939113581,8.495518214625736
36126,0.6782439678375232,0.32175603216247683,-101.88713452895226,-101.88713452895226,24.6953654377183
4696,0.48143841200483894,0.518561587995161,-99.83118535859077,-99.83118535859077,24.66684214875911
31388,0.48143841200483894,0.518561587995161,-80.07164626254868,-80.07164626254868,13.145721059060474
7597,0.48143841200483894,0.518561587995161,18.442957281585816,18.442957281585816,23.56059987988321
7366,0.4658410611199143,0.5341589388800857,-100.37039576600947,-100.37039576600947,22.95287829999993
21302,0.42418464829926794,0.5758153517007321,-80.1034868948104,-80.1034868948104,33.73011686171208
5029,0.47107525020729013,0.5289247497927099,-101.12856044888501,-101.12856044888501,23.57754790077595
9546,0.4658410611199143,0.5341589388800857,-81.093979821822,-81.093979821822,14.927395377195424
21966,0.48143841200483894,0.518561587995161,-76.47038177733108,-76.47038177733108,13.230833880485823
21388,0.48143841200483894,0.518561587995161,-51.30202525453704,-51.30202525453704,11.304833583492165
1437,0.48143841200483894,0.518561587995161,-102.73988889503418,-102.73988889503418,25.040843477294306
1648,0.48668817573865975,0.5133118242613403,-100.05111449705258,-100.05111449705258,23.526287121133755
11463,0.48143841200483894,0.518561587995161,-35.6529399151451,-35.6529399151451,-5.8051122878057235
20982,0.42418464829926794,0.5758153517007321,-72.50078664866135,-72.50078664866135,25.441567292680272
21354,0.4658410611199143,0.5341589388800857,-97.16823242894955,-97.16823242894955,21.591134086029307
40476,0.44471962392852027,0.5552803760714797,-85.23408671400061,-85.23408671400061,16.20164696382626
3749,0.48143841200483894,0.518561587995161,129.83760961487508,129.83760961487508,-81.57841977833388
16366,0.48143841200483894,0.518561587995161,-79.77333588755369,-79.77333588755369,13.152855875660983
15108,0.43953492588948107,0.5604650741105189,-102.33012317629776,-102.33012317629776,24.815221819584046
8417,0.48143841200483894,0.518561587995161,-58.215266053619885,-58.215266053619885,5.0359514899543605
33640,0.48143841200483894,0.518561587995161,-97.60327700780435,-97.60327700780435,22.01552617699589
4411,0.43953492588948107,0.5604650741105189,-65.30291434363072,-65.30291434363072,8.478439056832944
5007,0.48143841200483894,0.518561587995161,-93.1320021548725,-93.1320021548725,19.770415447686805
1357,0.4293269794443071,0.5706730205556929,-87.8961940120251,-87.8961940120251,18.66988516759478
36290,0.48143841200483894,0.518561587995161,-102.06823275085881,-102.06823275085881,24.82638238544482
12162,0.48143841200483894,0.518561587995161,114.19400824613997,114.19400824613997,-73.94260810253174
33401,0.48143841200483894,0.518561587995161,-72.053733294264,-72.053733294264,10.155744496542143
6946,0.47107525020729013,0.5289247497927099,-80.96450448026056,-80.96450448026056,36.22781808955418
21570,0.48668817573865975,0.5133118242613403,-100.84807230914689,-100.84807230914689,23.363122327002547
26156,0.48143841200483894,0.518561587995161,-91.66472094408104,-91.66472094408104,19.03303034170184
32922,0.4658410611199143,0.5341589388800857,-87.56925897413251,-87.56925897413251,16.454676674805814
12527,0.6782439678375232,0.32175603216247683,-84.334331593855,-84.334331593855,16.39350957999707
3265,0.44471962392852027,0.5552803760714797,-92.91720661825298,-92.91720661825298,19.555702010483536
8766,0.48143841200483894,0.518561587995161,-61.03286887793941,-61.03286887793941,5.953662858109108
15092,0.48143841200483894,0.518561587995161,-100.82378111919044,-100.82378111919044,24.91466328354406
24929,0.48668817573865975,0.5133118242613403,-93.7597288178969,-93.7597288178969,19.307140908391506
9524,0.4658410611199143,0.5341589388800857,-91.51056939045354,-91.51056939045354,18.464667764297584
13270,0.48143841200483894,0.518561587995161,165.4006352466611,165.4006352466611,-26.83371681198216
24325,0.48143841200483894,0.518561587995161,-83.47672367551367,-83.47672367551367,14.611143787159389
17670,0.48143841200483894,0.518561587995161,-9.630049411837359,-9.630049411837359,-18.250921676712462
32540,0.48143841200483894,0.518561587995161,-45.52615598934628,-45.52615598934628,-1.8888206521217095
21884,0.48143841200483894,0.518561587995161,-20.880100931975946,-20.880100931975946,4.015309204179152
4705,0.48143841200483894,0.518561587995161,-82.32316370730864,-82.32316370730864,21.175379812539212
5801,0.48143841200483894,0.518561587995161,-25.482392879530156,-25.482392879530156,-10.546951906940357
38553,0.48143841200483894,0.518561587995161,-67.302452909482,-67.302452909482,7.7359805768657806
14313,0.42418464829926794,0.5758153517007321,-81.34052140252675,-81.34052140252675,14.21926354493652
327,0.42418464829926794,0.5758153517007321,50.266806120734664,50.266806120734664,13.83813262038606
1256,0.48143841200483894,0.518561587995161,-91.12017422318587,-91.12017422318587,18.823884218842224
23113,0.48143841200483894,0.518561587995161,-83.92264219326015,-83.92264219326015,15.40876441943412
8788,0.43953492588948107,0.5604650741105189,46.095210260563825,46.095210260563825,-42.8456344036255
10707,0.48143841200483894,0.518561587995161,-101.88055509850136,-101.88055509850136,24.434706434891744
15725,0.47107525020729013,0.5289247497927099,-82.97450348915585,-82.97450348915585,14.854246165023444
3433,0.48143841200483894,0.518561587995161,-95.51143618028843,-95.51143618028843,20.56282457940522
4843,0.48143841200483894,0.518561587995161,-96.98181143060474,-96.98181143060474,29.444992892980377
14654,0.43953492588948107,0.5604650741105189,125.78740078771435,125.78740078771435,-80.02843224219393
41014,0.6403639649146463,0.3596360350853537,-99.42099649077007,-99.42099649077007,22.228277089043726
3770,0.48668817573865975,0.5133118242613403,-97.80368523951368,-97.80368523951368,21.501399290674573
8871,0.43953492588948107,0.5604650741105189,-103.84915430313471,-103.84915430313471,26.31806711828053
1096,0.4658410611199143,0.5341589388800857,228.2299167826814,228.2299167826814,246.9706430031845
32949,0.48668817573865975,0.5133118242613403,1.8136513184095948,1.8136513184095948,-23.557888627827968
26754,0.48143841200483894,0.518561587995161,-76.13178196711183,-76.13178196711183,11.778559381489394
25275,0.48143841200483894,0.518561587995161,-40.424339646368786,-40.424339646368786,-4.471816311854339
10681,0.48143841200483894,0.518561587995161,-97.77981522212124,-97.77981522212124,21.775343248795807
22961,0.42418464829926794,0.5758153517007321,39.950011257266084,39.950011257266084,-41.554074872740955
27747,0.48143841200483894,0.518561587995161,-95.22319855601516,-95.22319855601516,20.602620479739965
32837,0.48143841200483894,0.518561587995161,-76.65837490408529,-76.65837490408529,12.154465010637876
24870,0.48143841200483894,0.518561587995161,-55.942343272171904,-55.942343272171904,2.970789344942595
20426,0.43953492588948107,0.5604650741105189,-97.71220713412174,-97.71220713412174,22.780614879094106
12567,0.48143841200483894,0.518561587995161,-70.71856883453417,-70.71856883453417,10.026349380584387
12840,0.48143841200483894,0.518561587995161,-85.77404634776664,-85.77404634776664,16.926454207162198
27409,0.43953492588948107,0.5604650741105189,-94.43261044609281,-94.43261044609281,20.355156095210788
14077,0.44471962392852027,0.5552803760714797,-37.74975531477561,-37.74975531477561,-5.095280494185647
40399,0.48143841200483894,0.518561587995161,-101.45301085861473,-101.45301085861473,24.25629727375292
24274,0.4658410611199143,0.5341589388800857,-78.26700157990393,-78.26700157990393,12.67840749460415
28388,0.48143841200483894,0.518561587995161,-91.74049167342183,-91.74049167342183,19.218644733267173
25358,0.48143841200483894,0.518561587995161,-97.52686840708307,-97.52686840708307,20.986585546262727
14115,0.48668817573865975,0.5133118242613403,-100.56951204979228,-100.56951204979228,23.366001107967094
425,0.4658410611199143,0.5341589388800857,103.70813835170337,103.70813835170337,-70.92102214650343
25672,0.4658410611199143,0.5341589388800857,-53.29541259928128,-53.29541259928128,1.0189292980741347
34848,0.43953492588948107,0.5604650741105189,-95.7239837619518,-95.7239837619518,20.796113147574992
23632,0.43953492588948107,0.5604650741105189,-75.45094971121861,-75.45094971121861,12.614353672582935
5533,0.43953492588948107,0.5604650741105189,-101.02340778953835,-101.02340778953835,31.282413429737606
13771,0.6782439678375232,0.32175603216247683,-94.38504934434826,-94.38504934434826,20.091827117789258
13631,0.42418464829926794,0.5758153517007321,-95.41222256712469,-95.41222256712469,21.189464248764136
17849,0.48143841200483894,0.518561587995161,-96.59295063127095,-96.59295063127095,21.105146833456555
35327,0.48143841200483894,0.518561587995161,-53.218565745805186,-53.218565745805186,2.0475940376707107
26292,0.48668817573865975,0.5133118242613403,-96.78631357770229,-96.78631357770229,21.255088823260007
23765,0.6403639649146463,0.3596360350853537,-72.9376569298347,-72.9376569298347,10.255588031067392
26635,0.48668817573865975,0.5133118242613403,-94.16373636327178,-94.16373636327178,19.70778098174458
6875,0.4658410611199143,0.5341589388800857,-79.49820951248996,-79.49820951248996,13.511887497929319
1703,0.48668817573865975,0.5133118242613403,-42.34438598868186,-42.34438598868186,-3.974372401850303
18476,0.48143841200483894,0.518561587995161,-102.27721546838738,-102.27721546838738,24.370059139094714
1945,0.48143841200483894,0.518561587995161,-81.01673833153598,-81.01673833153598,13.669640474919975
9534,0.43953492588948107,0.5604650741105189,-90.79221710059394,-90.79221710059394,18.13075494526652
691,0.48143841200483894,0.518561587995161,-83.72443465575911,-83.72443465575911,15.03981683180315
29103,0.48143841200483894,0.518561587995161,-74.0273948369811,-74.0273948369811,11.184591996972808
8952,0.43953492588948107,0.5604650741105189,-49.157699888202764,-49.157699888202764,55.208678984555064
35051,0.48143841200483894,0.518561587995161,-87.92041993002987,-87.92041993002987,17.897880137093555
539,0.48143841200483894,0.518561587995161,93.26329753388474,93.26329753388474,85.83797223515892
28676,0.48143841200483894,0.518561587995161,-77.38826233693781,-77.38826233693781,12.36915489877599
7210,0.48143841200483894,0.518561587995161,132.9496340477595,132.9496340477595,-83.50460926456205
29199,0.48143841200483894,0.518561587995161,-74.59164432887728,-74.59164432887728,11.79615951741343
8557,0.43953492588948107,0.5604650741105189,-93.71454513914908,-93.71454513914908,19.610752014211656
1843,0.48143841200483894,0.518561587995161,-98.8519967116538,-98.8519967116538,29.341081950821494
5112,0.6035270814303346,0.39647291856966543,54.461667859884095,54.461667859884095,115.6242563485054
11192,0.48143841200483894,0.518561587995161,-33.71836057373424,-33.71836057373424,22.50663679710517
37418,0.48143841200483894,0.518561587995161,-100.10840870618321,-100.10840870618321,22.603668107848854
7068,0.44471962392852027,0.5552803760714797,192.66738328103474,192.66738328103474,46.375377821136894
20255,0.4658410611199143,0.5341589388800857,3.635579682391635,3.635579682391635,-24.365295603392337
6798,0.48143841200483894,0.518561587995161,-103.03752698899173,-103.03752698899173,25.36411928926448
16807,0.48143841200483894,0.518561587995161,-67.37001892925907,-67.37001892925907,7.734552604316623
12510,0.48143841200483894,0.518561587995161,-102.64756703503987,-102.64756703503987,24.98185768171452
11557,0.4658410611199143,0.5341589388800857,-46.38167408582147,-46.38167408582147,-1.7050682604371685
16863,0.48143841200483894,0.518561587995161,-65.23107671065488,-65.23107671065488,6.2520396929568784
2254,0.48143841200483894,0.518561587995161,24.584725534707058,24.584725534707058,93.79437751494483
12736,0.4658410611199143,0.5341589388800857,-85.59715466811882,-85.59715466811882,16.184293705399845
