COD_PERSONA,SEXO,PROCEDENCIA,RESIDENCIA,ESTADO_CIVIL,TIPO_COLEGIO,JALADOS,APROBADOS,BECA_VIGENTE,CANT_RESERVAS,COD_CURSO,COD_GRUPO,COD_PLAN,CREDITOS,EFICIENCIA_SEMESTRES,EXCESO_INASISTENCIA,HRS_INASISTENCIA,Q1_Nota_S,Q3_Nota_S,Q1_Obligatorio_S,Q3_Obligatorio_S,Q1_Electivo_S,Q3_Electivo_S,PONDERADO,PRCTJE_INASISTENCIA_CURSO,AVANCE_CREDITOS,Dropout,AGE
36719,M,local,local,S,private,7,27,0,0,28,34,1,3.774074,2.5,0,3.9444444,12.931945,14.008056,13.057222,13.939722,12.105,12.105,12.49498,5.7612457,95,0,21
37521,F,local,local,S,private,7,18,0,0,20,25,1,3.5392857,2.5,1,5.6845236,11.14,14.09625,11.104375,14.15375,14.035,14.035,12.120392,6.7843137,60,0,19
26436,M,local,local,S,private,17,48,0,0,49,65,1,3.2996032,1.625,10,16.47857,11.04,13.980833,11.043125,13.898334,11.815,11.815,12.266326,19.506788,167,0,22
8159,F,local,local,S,public,22,66,0,88,66,88,1,3.4469924,1.9,1,10.675063,11.5546055,13.045263,11.427631,12.988027,14.146667,14.146667,12.001704,13.436943,222,0,25
41132,M,foreign,local,S,private,4,9,0,0,11,13,1,3.6785715,3.0,0,0.0,9.37875,14.91375,8.385,14.595,14.76,14.76,12.398539,0.0,30,0,17
22967,F,local,local,S,private,6,65,0,0,66,71,1,3.27517,1.5,1,10.655102,12.917857,15.115892,12.869286,15.176607,14.391666,14.391666,14.575324,14.979287,217,0,23
26433,M,local,local,S,private,0,67,0,0,66,67,1,3.3556278,1.1,0,6.0126624,14.6334095,16.351137,14.659546,16.182955,15.905625,16.381874,15.435064,8.705005,223,0,22
29151,M,local,local,S,public,7,58,0,0,57,65,1,3.632313,1.875,0,7.0642858,12.260535,14.286607,12.202857,14.180179,15.9625,16.3275,12.967292,7.867204,193,0,26
33099,M,local,local,S,private,4,48,0,0,50,52,1,3.4,1.5714285,0,2.4642856,13.517,14.73175,13.48575,14.69425,14.865,14.865,13.82321,2.3363156,162,0,20
37042,F,local,local,S,private,0,25,1,0,25,25,1,3.4940476,1.0,0,0.125,16.389376,18.358126,16.12,18.188126,18.865,18.865,17.005224,0.23529412,87,0,18
40862,M,foreign,local,S,private,0,6,0,6,6,6,1,3.6666667,0.5,0,0.0,14.8525,16.3775,14.8525,16.3775,14.8525,16.3775,15.3845,0.0,22,0,18
36172,M,local,local,S,public,2,25,0,27,24,27,1,3.8809524,1.6,0,1.4047619,13.3175,14.3475,13.271786,14.356428,11.94,11.94,13.093719,1.8010167,90,0,19
409,M,local,local,S,private,24,61,0,0,61,85,1,3.9512472,2.1,7,5.684014,12.038452,13.625714,11.801905,13.551905,15.0125,15.1775,11.64144,11.318115,218,0,24
43910,M,foreign,local,S,private,3,5,0,0,6,8,1,3.75,1.0,0,0.0,4.6275,12.5725,4.6275,12.5725,4.6275,12.5725,11.4745,0.0,18,0,25
19355,M,local,local,S,private,3,66,0,0,66,69,1,3.2216117,1.3,1,6.604029,13.446539,15.058846,13.2773075,14.602307,16.2755,16.4185,14.047183,8.339017,220,0,22
14514,M,local,local,S,public,2,66,0,204,66,68,1,3.279304,1.3,0,5.924542,15.014231,16.440962,14.886731,16.408846,17.5685,17.7255,16.907526,6.5051904,220,0,24
2426,M,local,local,S,private,13,61,0,0,61,74,1,3.804762,1.6,4,10.185715,12.410937,15.106093,12.279843,14.710156,14.660625,14.841875,13.124102,17.102121,218,0,25
1753,M,local,local,S,private,2,61,0,0,61,63,1,4.0015874,1.2,1,9.474603,13.457916,14.724584,13.403334,14.639167,14.83,15.39,14.5104065,11.113121,218,0,22
32860,F,local,local,S,private,5,46,0,0,46,51,1,3.6209524,1.5714285,0,0.49666667,12.448,14.06575,12.31175,13.955,14.13625,15.61875,13.17723,0.7381776,153,0,20
100,M,local,local,S,private,0,61,0,0,61,61,1,3.774459,1.1,0,4.064935,14.668181,16.354773,14.687727,16.20341,16.176666,16.55,15.35193,7.0796504,218,0,23
28823,M,local,local,S,private,15,45,0,0,43,60,1,3.7349703,2.8333333,0,6.049107,12.912656,14.009844,12.903281,13.967969,12.81,15.23,11.788687,7.2551355,154,0,21
8092,M,local,local,S,private,24,68,0,0,68,92,1,3.6198413,2.1,0,4.7103176,11.635952,13.4275,11.490238,13.26131,13.908,14.652,12.293383,6.1370416,226,0,27
41212,M,local,local,S,public,5,10,0,0,11,15,1,3.5833333,4.0,0,0.0,9.9383335,12.674167,9.538333,11.736667,17.17,18.39,12.33052,0.0,32,0,21
32255,M,foreign,foreign,S,private,13,27,0,40,27,40,1,3.6399472,2.5,3,12.195238,11.434444,12.908889,11.380555,12.970555,11.8025,12.0075,11.3793125,14.384804,94,0,25
24740,M,local,local,S,private,2,61,0,0,61,63,1,3.377489,1.1,0,4.872186,14.068409,15.405682,13.839091,15.378409,15.135,15.385,14.338218,5.5368814,200,0,24
39613,M,local,local,S,private,3,10,0,0,10,13,1,3.5952382,1.5,0,0.0,11.4225,15.0325,11.3475,14.56,16.96,16.96,13.444315,0.0,34,0,18
1049,M,local,foreign,S,private,1,61,0,62,61,62,1,3.6380951,1.1,0,6.8900433,13.342728,14.890682,13.303864,14.936591,15.099167,15.950833,14.281745,12.181219,218,0,22
33197,M,local,local,S,public,7,41,0,0,40,48,1,3.812987,2.0,0,3.2813852,13.519091,14.5975,13.483409,14.459091,15.64,15.64,13.050289,4.470997,143,0,24
37870,M,local,foreign,S,private,7,17,0,0,18,24,1,3.744762,3.0,0,3.1142857,10.483,13.095,10.435,12.48,15.525,15.525,10.893367,4.35049,58,0,19
42211,M,foreign,local,S,public,7,5,0,0,10,12,1,3.4166667,2.0,0,0.0,8.84625,11.99625,8.2325,11.43125,11.2325,13.3775,9.94465,0.0,16,0,18
37031,F,local,local,S,private,0,25,1,0,25,25,1,3.4940476,1.0,0,0.20833333,17.371876,18.8675,17.285,18.8175,19.16,19.16,17.849665,0.3137255,87,0,19
40685,M,local,local,S,private,4,8,0,0,9,12,1,3.5833333,4.0,0,0.0,8.066667,9.5025,7.7608333,8.9383335,13.36,13.36,10.038658,0.0,27,0,18
10039,F,local,local,S,public,2,64,0,0,64,66,1,3.404365,1.2,1,5.644841,13.8475,15.596458,13.721875,15.525,15.514,15.514,14.586999,7.9055257,216,0,24
1820,F,local,local,C,private,0,61,0,0,61,61,1,3.6429763,1.0,0,4.150119,14.84775,16.78475,14.90375,16.768,16.119375,16.263124,15.6921015,6.387862,218,0,21
23859,M,local,local,S,public,20,59,0,0,59,79,1,3.5890625,1.8888888,3,6.45,11.803281,13.631562,11.474531,13.5173435,13.107083,13.84125,12.1153,7.226305,202,0,24
39620,M,foreign,foreign,S,private,1,12,0,0,12,13,1,4.0,1.3333334,0,0.0,13.01,14.488334,12.928333,14.080833,17.1,17.1,13.570185,0.0,43,0,17
1230,M,local,local,S,public,0,61,0,0,61,61,1,3.6019049,1.0,0,3.9204762,15.45075,17.4445,15.43825,17.4435,17.364166,18.045834,16.366405,6.156425,218,0,24
20484,M,local,local,S,private,0,67,0,0,66,67,1,3.3370748,1.4,0,3.12483,14.475535,15.945893,14.500536,15.807322,15.4235,15.4465,15.066603,4.8565993,223,0,24
37305,M,local,local,S,private,3,21,0,0,21,24,1,3.5416667,1.25,0,0.75,12.67375,14.15875,12.613125,14.11,13.75,13.75,12.98855,0.75571895,73,0,18
19672,M,local,local,S,private,6,68,0,0,67,74,1,3.5053968,1.5,3,10.1696825,12.651334,14.479333,12.684667,14.1905,14.211429,14.211429,12.910003,13.363805,228,0,23
36449,M,local,local,S,private,4,36,0,0,36,40,1,3.3611112,1.1666666,0,5.4761906,12.699583,15.101666,12.682917,14.944167,14.905,14.905,13.84028,6.767157,121,0,19
40681,M,local,local,S,private,1,13,0,0,12,14,1,3.625,1.0,0,0.0,13.47625,15.75625,13.47625,15.6025,15.56,15.56,14.778743,0.0,46,0,17
18,M,local,local,S,private,25,61,0,0,62,86,1,3.662619,2.0,3,3.9790475,10.37225,11.641,10.399125,11.59875,12.065,12.322,11.097971,6.8096533,218,0,25
41072,M,foreign,foreign,S,private,7,1,0,8,6,8,1,3.75,1.0,0,0.0,3.5625,11.225,3.5625,11.225,3.5625,11.225,8.4527,0.0,3,0,20
30828,F,foreign,foreign,S,public,3,36,1,0,38,39,1,3.6845238,1.8,0,1.2976191,13.068438,14.95625,12.974375,14.816875,15.36,15.36,14.352459,1.8602313,122,0,23
1383,M,local,local,S,public,13,61,0,74,61,74,1,3.672619,1.4,3,8.301446,11.494643,14.213393,11.449107,14.119643,15.45375,15.74125,12.919478,14.412924,218,0,26
984,M,local,local,S,public,21,61,0,82,61,82,1,4.0197997,1.9,11,7.918797,10.489737,12.450658,10.468421,12.357368,12.955,13.48375,11.424502,12.459051,218,0,24
35086,F,local,local,S,private,2,33,0,35,32,35,1,3.639881,1.8,0,0.32738096,14.955,16.325624,14.8925,16.295,17.615,17.615,14.525148,0.49019608,114,0,19
37007,M,local,local,S,private,3,22,0,0,22,25,1,3.4866667,2.0,0,2.0,12.7585,13.911,12.758,13.945,13.35,13.35,13.214504,2.4117646,78,0,18
3607,M,local,local,S,public,12,61,0,146,62,73,1,3.7339287,1.6,2,7.844345,12.762343,14.379844,12.669063,13.837656,11.934,13.089,13.096667,12.314091,218,0,25
7703,M,local,local,S,private,0,49,0,0,49,49,1,3.1912699,0.9,0,5.682804,15.110278,16.963612,15.079445,16.837223,15.931875,16.949375,15.978642,8.737495,155,0,23
19583,M,local,local,S,private,9,66,0,0,66,75,1,3.3536508,1.5,2,8.809048,12.911,14.2725,12.878333,14.1925,13.990625,14.431875,13.70629,13.313725,220,0,23
37344,F,local,local,S,private,3,10,0,26,10,13,1,3.7619047,1.5,0,2.8333333,12.34,14.6075,13.1275,14.7125,11.7,11.7,12.672469,3.1674209,35,0,18
40248,F,local,local,S,private,5,8,0,0,11,13,1,3.475,3.0,0,0.0,10.16625,13.50375,9.42,12.85875,15.46,15.46,11.375846,0.0,26,0,18
9324,M,local,local,S,private,22,66,0,0,68,88,1,3.625,2.0,1,3.37,12.245625,13.738875,12.153375,13.450375,12.138,14.0035,12.397425,4.83623,222,0,24
33277,M,local,local,S,private,0,52,1,0,52,52,1,3.3839285,1.0,0,2.4613094,16.114063,17.744375,16.0725,17.749374,17.42,17.42,16.879055,2.7790346,175,0,21
22575,F,local,local,S,private,1,68,0,0,66,69,1,3.57326,1.3,0,2.6465201,15.075577,16.67154,15.0903845,16.647116,16.8225,17.0795,15.712081,4.296675,228,0,22
24556,M,foreign,local,S,public,10,61,0,71,62,71,1,3.1751702,1.6666666,2,4.4914966,12.621964,14.983036,12.531428,14.830893,15.796,15.796,13.612917,5.895885,205,0,24
19398,M,local,local,S,private,0,68,0,0,67,68,1,3.2849817,1.3,0,4.8809524,15.109808,16.354616,15.101923,16.229038,15.709167,15.820833,15.770475,5.88466,225,0,22
40158,F,local,local,S,private,0,12,0,0,12,12,1,3.5833333,1.0,0,0.0,15.13125,17.94375,14.9325,17.81625,18.97,18.97,16.16225,0.0,43,0,17
25485,M,local,local,S,private,7,24,0,93,24,31,1,3.6125,1.8,3,14.6875,10.030937,13.35875,10.030937,13.35875,10.030937,13.35875,11.467749,14.731183,84,0,23
26908,M,local,local,S,public,1,67,0,68,67,68,1,3.1972528,1.3,0,1.2501831,14.797115,16.067116,14.705,15.976346,16.407084,16.584583,15.468984,1.8624568,222,0,23
9690,M,foreign,local,S,private,1,53,0,162,53,54,1,3.4316137,0.9,0,6.3408732,16.883612,18.413889,16.82639,18.054445,18.405,18.5,17.442749,8.416848,181,0,22
33397,M,local,local,S,private,16,17,0,66,21,33,1,3.53125,4.5,1,9.025,10.8075,13.309688,10.4125,13.153125,14.315,14.765,10.050636,11.553773,55,0,21
107,M,local,local,C,private,17,61,0,312,61,78,1,3.7943451,1.6,6,5.829762,11.702031,13.917812,11.628906,13.895625,14.1325,14.3225,12.204383,10.611855,218,0,27
40264,M,local,local,S,private,0,12,0,0,12,12,1,3.5833333,1.0,0,0.0,16.2975,17.24875,16.2275,17.285,17.94,17.94,16.36835,0.0,43,0,18
19476,M,local,local,S,public,17,59,0,0,59,76,1,3.5513785,2.2222223,7,14.433584,11.46,13.594211,11.356052,13.559869,13.286,13.286,12.071393,16.658411,197,0,25
41616,M,local,local,S,private,3,9,0,0,10,12,1,3.7285714,1.5,0,0.0,11.3325,14.21,10.57,13.99625,14.6,14.6,12.581792,0.0,32,0,20
8060,M,local,local,S,private,0,65,1,0,65,65,1,3.4340477,1.0,1,9.144404,14.3605,16.252,14.3135,16.24125,15.723125,15.774375,15.311965,11.630467,220,0,21
29192,M,local,local,S,private,10,6,0,96,8,16,1,3.5138888,7.0,5,11.333333,8.024167,11.392083,8.024167,11.392083,8.024167,11.392083,7.8239374,19.704132,19,0,21
17055,M,local,local,S,private,2,67,0,0,66,69,1,3.2386904,1.2,0,4.9173613,15.061875,16.46,14.995209,16.283958,16.6125,16.8375,15.485975,7.3728333,223,0,23
19391,M,foreign,local,S,public,0,22,0,0,22,22,1,3.3833334,1.4,0,0.37777779,16.78375,17.39125,16.794584,17.322083,18.2825,19.0475,17.100782,0.57040995,73,0,24
285,M,local,foreign,S,private,21,61,0,0,62,82,1,3.930119,2.0,4,6.4983335,10.619875,12.494125,10.59125,12.316375,11.54,11.728,11.222954,8.339834,218,0,27
40832,M,foreign,local,S,public,5,7,0,0,10,12,1,3.625,3.0,0,0.0,9.8075,12.9725,9.8075,12.9725,9.8075,12.9725,11.404134,0.0,24,0,22
42038,M,local,local,S,private,2,6,0,8,6,8,1,3.9285715,1.5,0,0.0,11.695,14.0925,11.695,14.0925,11.695,14.0925,13.164838,0.0,22,0,18
41119,M,local,local,S,private,3,7,0,0,10,10,1,3.3333333,3.0,0,0.0,11.08625,14.93125,10.3,14.735,15.32,15.32,11.909,0.0,22,0,18
14508,M,local,local,S,private,7,66,0,0,66,73,1,3.425476,1.5,3,10.664682,13.201667,14.448667,13.215834,14.503333,14.201875,14.820625,13.645914,13.713851,220,0,22
1399,M,local,local,S,private,3,61,0,0,61,64,1,3.5988095,1.2,3,6.578968,12.981459,14.868542,13.076041,14.905209,13.22,13.645,13.736878,11.827225,218,0,23
1464,M,foreign,local,S,private,3,62,0,0,62,65,1,3.6424603,1.2,0,2.615873,13.852083,15.503542,13.570209,15.318125,14.95,15.1625,14.381052,4.054257,222,0,23
35139,F,foreign,local,S,private,7,21,0,28,20,28,1,3.8111112,2.3333333,0,6.4944444,11.488334,14.514584,11.459167,14.45125,13.515,13.515,11.418471,9.6463585,74,0,19
1022,M,local,local,S,private,32,62,0,0,62,94,1,3.7488663,2.1,8,5.8486395,11.201667,13.133572,11.190833,13.095952,10.301666,13.6883335,11.418261,10.123027,220,0,26
22171,M,foreign,local,S,private,0,66,0,0,66,66,1,3.329932,1.4,0,0.39761904,17.037144,18.184286,16.995,18.165358,17.757,17.899,17.62453,0.6907308,220,0,22
1433,F,local,local,S,private,14,62,0,0,62,76,1,3.8714285,1.9,0,4.429323,12.290263,13.562368,12.278948,13.514474,13.68,14.22,12.534203,8.168752,222,0,24
16712,M,local,local,S,private,9,67,0,0,65,76,1,3.490625,1.6,0,8.845312,12.495781,14.108125,12.497344,14.063594,15.421667,15.421667,13.171713,11.208463,226,0,23
37261,M,foreign,local,S,public,9,6,0,0,6,15,1,3.8055556,2.0,0,0.0,9.315833,12.600833,9.315833,12.600833,9.315833,12.600833,10.591826,0.0,22,0,17
40626,M,local,local,S,private,7,13,0,0,15,20,1,3.7125,2.5,0,1.5625,11.475625,13.144375,11.4125,13.3775,12.745,12.745,12.8055,3.0392158,48,0,22
35360,M,local,local,S,public,2,37,0,0,38,39,1,3.5408163,1.6,0,2.0544217,13.3089285,15.431429,13.232142,15.365,17.73,17.73,14.519608,2.5766716,127,0,19
638,F,local,local,S,private,4,62,0,132,62,66,1,3.882313,1.4,0,4.8263607,12.92375,14.868393,12.983929,14.704464,14.578125,14.729375,14.148809,7.2506003,222,0,24
42856,M,foreign,foreign,S,public,0,7,0,0,7,7,1,3.3333333,1.5,0,0.0,18.4975,19.17625,18.4975,19.17625,18.4975,19.17625,18.56803,0.0,25,0,19
19395,M,local,local,S,public,1,67,0,0,66,68,1,3.451099,1.3,0,8.601374,13.359615,14.792885,13.285384,14.496923,16.2545,16.3275,13.963402,9.217705,225,0,23
8741,M,local,local,S,public,0,65,0,0,65,65,1,3.4594157,1.1,0,4.3203464,14.288409,15.626591,14.249773,15.535682,16.09,16.09,14.721494,6.539506,220,0,28
29000,M,local,local,S,private,8,53,0,0,52,61,1,3.552381,1.75,1,1.6974359,13.203269,15.041347,13.153654,14.87577,16.625,16.625,13.160442,2.8238509,180,0,21
41157,F,local,local,S,private,1,6,0,14,6,7,1,3.857143,0.5,0,0.0,14.475,16.96,14.475,16.96,14.475,16.96,16.2768,0.0,22,0,18
18365,M,foreign,foreign,S,private,10,63,0,219,64,73,1,3.3486772,1.9,2,6.8612432,12.17375,14.304306,12.113055,14.1663885,15.459,15.549,13.316062,8.1574,212,0,24
650,F,local,local,S,public,0,33,0,0,33,33,1,3.8690476,0.7,0,1.3095238,15.264643,16.353214,15.356786,16.323929,15.51,15.51,15.743934,2.104377,119,0,25
1286,M,local,local,S,public,2,61,0,0,61,63,1,3.7357142,1.2,1,6.9353175,13.889584,15.48625,13.932292,15.384791,15.693334,16.76,14.741659,11.59372,217,0,21
286,F,local,local,S,private,6,34,0,0,34,40,1,3.6766667,1.0,0,1.68,12.0395,13.7565,12.1035,13.52525,13.0825,13.0825,12.692698,3.9279513,122,0,33
35132,M,local,local,S,private,1,40,0,0,38,41,1,3.4702382,1.2857143,0,0.96428573,14.385,15.674375,14.365625,15.734375,14.3325,14.4175,13.965586,1.4825442,139,0,19
1212,M,local,local,S,private,2,61,0,0,61,63,1,3.8438492,1.2,0,5.8069444,13.404375,15.521875,13.386042,15.142083,14.73,15.696667,14.453693,8.640656,218,0,26
26391,F,local,local,S,private,9,53,0,0,53,62,1,3.5625,1.4444444,2,12.130555,13.229792,14.905209,13.302292,14.809792,14.516,14.516,13.749265,12.074636,180,0,22
3105,M,local,local,S,public,14,61,0,0,61,75,1,3.8866072,1.6,0,7.7119045,12.279688,14.255625,12.271406,13.963906,15.743125,16.109375,12.726027,12.095448,218,0,23
3162,M,local,local,S,private,24,61,0,0,62,85,1,3.876455,1.8,3,12.479762,11.335,13.576111,11.518056,13.563611,12.51,12.5633335,11.7961445,15.52434,218,0,27
1140,F,foreign,local,S,private,30,61,0,0,62,91,1,3.9660456,2.3,0,7.828468,10.857935,12.463369,10.75413,12.4004345,13.251667,13.251667,11.296412,10.654463,218,0,26
17695,F,local,local,S,private,17,67,0,0,66,84,1,3.3887217,1.9,0,2.2734337,11.976052,13.674605,12.020394,13.63079,14.3415,14.4205,12.476631,2.3447711,225,0,24
17964,M,local,local,S,private,21,65,0,172,64,86,1,3.6452382,2.2,1,7.7611113,11.777381,13.747143,11.528452,13.785476,13.248,13.248,12.343329,10.837513,218,0,24
44114,M,foreign,foreign,S,private,8,0,0,0,6,8,1,3.75,1.0,0,0.0,0.1125,2.255,0.1125,2.255,0.1125,2.255,1.6268,0.0,0,0,17
42018,M,local,local,S,private,6,6,0,0,9,12,1,3.6944444,4.0,0,0.0,6.37,9.5008335,6.37,9.5008335,6.37,9.5008335,9.7087,0.0,20,0,19
2445,M,local,local,S,public,15,63,0,78,63,78,1,3.8535013,1.7,4,9.429692,11.812058,13.775735,11.812794,13.733971,12.605,12.925,12.608163,14.29572,223,0,25
17143,M,local,local,S,private,15,68,0,0,66,83,1,3.4483333,2.0,1,9.146667,11.888625,13.31725,11.80675,13.31075,13.5545,13.8115,12.23019,12.124498,228,0,24
19170,M,foreign,local,S,private,7,66,0,0,66,73,1,3.4713492,1.5,1,4.591746,13.55,14.917334,13.545667,14.905167,14.18,14.18,13.530943,7.6403437,220,0,22
29904,M,local,local,S,private,14,46,0,0,46,60,1,3.3909523,1.5714285,0,4.2966666,12.2815,14.44825,12.287,14.58375,12.0025,12.0025,13.126152,4.9215684,154,0,21
35363,M,local,local,S,private,16,21,0,0,23,37,1,3.85,3.0,1,6.575,9.595938,12.530625,9.509063,12.024062,13.795,13.795,10.316351,6.6640167,70,0,20
15185,M,local,local,S,private,8,66,0,0,66,74,1,3.3433037,1.6,0,3.8037202,13.423437,14.86625,13.445469,14.717656,14.346875,15.455625,14.166271,4.95469,220,0,24
38167,M,local,local,S,private,5,23,0,0,23,28,1,3.7170634,1.75,0,4.7430553,13.2175,14.59,13.019167,14.529166,16.12,16.12,13.4116,6.0679274,79,0,19
40721,M,local,local,S,private,1,14,0,0,14,15,1,3.2857144,1.3333334,0,0.0,12.923333,15.093333,12.741667,15.023334,15.29,16.99,15.147387,0.0,48,0,17
20131,M,local,local,S,public,7,67,0,0,66,74,1,3.4534013,1.4,2,11.657483,13.089464,14.674108,13.008214,14.528393,14.6675,14.6985,13.735162,16.071543,225,0,24
32773,M,local,local,S,private,11,22,0,0,20,33,1,3.5574074,3.3333333,1,6.8814816,11.071111,13.228611,10.948334,13.110278,15.245,15.245,10.394036,9.538324,77,0,20
29454,M,foreign,local,S,private,4,59,0,0,58,63,1,3.3474207,1.4444444,0,7.232143,13.28625,14.869792,13.165625,14.852292,15.045,15.045,13.59657,8.133742,197,0,21
1625,M,local,local,S,private,16,61,0,0,61,77,1,3.6613445,1.7,6,14.145938,12.331029,13.645,12.217343,13.580625,11.3805,11.8655,12.701666,20.383827,218,0,25
6652,M,local,local,S,public,18,66,0,84,68,84,1,3.4267857,2.0,2,14.4575,12.0865,13.71475,12.04025,13.67225,12.624286,13.131429,12.7132635,17.882101,222,0,26
40554,M,local,local,S,private,2,19,0,0,18,21,1,3.1458333,1.6666666,0,0.4375,13.435,15.2625,13.20375,15.0375,16.4,16.4,14.162733,0.9337068,66,0,18
40110,M,local,local,S,private,3,8,0,0,10,11,1,3.6785715,3.0,0,0.0,10.5325,14.32625,10.395,13.42,18.18,18.18,12.741209,0.0,27,0,17
37277,M,local,local,S,private,2,24,0,0,23,26,1,3.6033332,1.5,0,0.65,14.664,16.5345,14.534,16.3055,17.005,17.005,14.851346,0.98039216,84,0,18
955,F,local,local,S,private,0,62,0,0,62,62,1,3.6090477,1.0,1,4.7190475,13.79925,15.7705,13.8345,15.689,14.948334,16.123333,14.734884,7.9631495,222,0,21
29326,M,local,local,S,private,21,40,0,0,39,61,1,3.5761905,2.5,6,13.2,11.463393,13.244286,11.259286,13.128393,13.154166,13.2025,10.95591,18.481195,132,0,22
1936,M,local,local,S,private,5,61,0,0,61,66,1,3.672857,1.5,0,7.143651,13.010667,14.921,13.120833,14.839167,13.62375,14.38625,13.892454,10.45601,218,0,23
20017,F,local,local,S,private,11,69,0,0,67,80,1,3.5593839,1.7,0,7.1935573,12.932353,14.680441,12.816765,14.604559,15.15,15.15,13.701632,9.211747,230,0,23
35629,M,local,local,S,public,14,27,0,0,26,41,1,3.8862433,2.5,0,2.4814816,10.364445,12.585278,10.295834,12.3,13.453333,13.453333,10.961854,3.2496414,91,0,19
29758,M,local,local,S,public,12,29,0,41,30,41,1,3.6666667,2.0,2,14.165608,10.382778,12.234445,10.238889,12.236389,13.17,13.17,11.302863,14.123454,97,0,24
16472,M,local,local,S,private,24,68,0,0,66,92,1,3.5497355,1.8,5,11.752976,11.061111,13.435972,10.9675,13.328195,14.10625,14.43875,11.829264,12.985188,228,0,27
22588,M,local,local,S,private,9,66,1,0,66,75,1,3.6320684,1.6,3,15.26064,12.979531,15.056094,12.711875,15.017032,15.868333,15.868333,13.620126,17.099995,220,0,25
37902,M,local,local,S,private,6,17,0,0,21,23,1,3.575,1.6666666,0,2.5,11.025625,14.38375,11.025625,14.38375,11.025625,14.38375,12.184987,2.7919865,59,0,19
40275,M,local,local,S,public,2,6,1,8,6,8,1,3.75,1.0,0,0.0,12.8875,17.73,12.8875,17.73,12.8875,17.73,17.4118,0.0,22,0,18
15116,F,local,local,S,private,7,69,0,0,68,76,1,3.3017006,1.4,0,6.4988093,13.061607,14.6825,13.278929,14.506607,13.07625,13.942917,13.63435,7.705108,229,0,24
27073,M,local,local,S,public,8,65,0,73,66,73,1,3.3442178,1.5,0,2.8442178,13.145,15.013928,13.0973215,15.019107,15.078333,15.078333,13.905263,2.8334677,217,0,23
37828,M,local,local,S,public,1,20,1,21,19,21,1,3.4642856,1.0,0,1.5833334,15.0675,17.390833,14.851666,17.186666,17.44,17.44,16.412739,2.2875817,70,0,19
37716,F,local,local,S,public,11,12,0,0,16,23,1,3.7291667,2.5,0,2.5416667,9.091875,13.699375,8.8925,11.8975,14.325,14.325,10.414352,3.367434,40,0,18
41949,F,foreign,foreign,S,public,0,12,0,0,12,12,1,3.5833333,1.0,0,0.0,15.745,16.8875,15.68375,16.80125,18.52,18.52,16.06425,0.0,43,0,19
3552,F,local,local,S,public,9,61,0,0,61,70,1,3.7156463,1.4,0,9.148979,12.673393,14.6444645,12.5742855,14.43625,16.63,16.63,13.519316,12.321428,218,0,27
161,M,foreign,local,S,public,18,61,0,0,61,79,1,3.7171679,1.9,2,4.4940476,11.431184,12.7978945,11.343947,12.684211,14.733334,15.286667,11.887297,7.3993497,218,0,29
185,F,local,local,S,private,4,62,0,0,62,66,1,3.7816849,1.3,0,4.8164835,12.881731,14.328077,12.787308,14.149038,15.34625,15.83375,13.416366,8.088006,221,0,22
24544,F,local,local,S,public,15,64,0,79,64,79,1,3.4131653,1.8,0,5.522409,12.30397,14.366617,12.221324,13.913236,15.685357,15.810357,13.225257,5.3524446,212,0,25
544,F,local,local,S,private,15,61,0,0,61,76,1,3.6979167,1.6,4,3.263393,11.953281,13.311563,11.920313,13.2725,13.27,13.27,11.98245,5.680792,218,0,24
209,M,local,local,S,public,2,62,0,0,62,64,1,3.6705627,1.1,0,4.1268396,13.84409,16.19,13.985228,16.162727,14.401667,14.73,14.881566,6.549479,222,0,24
29038,M,local,local,S,private,2,63,0,0,62,65,1,3.3003664,1.4,0,2.525641,13.859615,15.71,13.796923,15.603847,17.213333,17.213333,14.301608,4.2368026,208,0,21
26632,M,local,local,S,public,17,46,0,0,45,63,1,3.714706,2.4285715,3,13.540196,12.157941,13.64,12.110147,13.607647,14.295,14.295,12.198812,13.938209,159,0,34
35877,M,local,local,S,private,0,40,1,0,38,40,1,3.5408163,1.1428572,0,1.1564626,13.535,15.101786,13.481428,15.06,14.21,14.21,13.608852,0.720098,139,0,20
953,M,local,local,S,private,5,61,0,0,61,66,1,3.7145834,1.2,2,2.545635,13.266042,14.979375,13.155625,14.814375,14.685,15.126667,13.81101,4.6012206,218,0,26
1280,F,local,local,S,private,7,61,0,0,61,68,1,3.700635,1.5,0,5.2463493,12.541833,14.3155,12.444167,14.1085,15.61625,15.65375,13.316106,9.204969,218,0,21
41567,F,foreign,local,S,public,4,7,0,0,10,11,1,3.55,3.0,0,0.0,10.46875,13.52125,10.045,13.51,13.26,13.26,11.820073,0.0,25,0,19
32807,M,local,local,S,public,3,52,1,0,52,55,1,3.4809523,1.2222222,0,2.8714285,14.20825,16.01575,14.14775,15.89975,15.37,15.37,14.884254,2.630692,175,0,21
5596,F,local,local,S,private,10,67,0,0,67,77,1,3.6167989,1.8,0,6.0457673,13.54375,14.686944,13.421805,14.600972,15.16375,15.397917,13.737069,9.419121,224,0,23
40443,F,local,local,S,private,1,13,0,0,12,14,1,3.625,1.0,0,0.0,14.6425,16.29,14.5475,15.82875,17.52,17.52,15.350529,0.0,46,0,18
40715,M,local,local,S,private,5,1,0,6,6,6,1,3.6666667,1.0,0,0.0,5.935,11.255,5.935,11.255,5.935,11.255,8.2536,0.0,3,0,18
25401,M,local,local,S,private,2,67,0,0,67,69,1,3.3438492,1.2,0,4.7337303,13.987291,16.198126,13.940833,16.007708,17.0575,17.3525,15.049353,6.562944,222,0,22
88,F,local,foreign,S,private,6,61,0,67,61,67,1,3.8632653,1.4,4,5.0238094,12.561429,14.175,12.509108,13.876965,14.566,14.566,13.122546,9.034588,218,0,23
33457,M,foreign,foreign,S,private,9,25,0,0,25,34,1,3.7823129,2.0,1,6.595238,11.717857,14.461429,11.663929,14.3825,14.42,14.42,11.707556,8.073818,83,0,21
41238,F,local,local,S,private,4,11,0,0,11,15,1,4.0833335,2.0,0,0.0,9.5575,13.431666,9.554167,12.756667,16.36,16.36,12.228026,0.0,40,0,17
1191,F,local,local,S,public,20,62,0,0,62,82,1,3.9251082,2.2,0,3.0536797,12.079659,13.614431,12.139205,13.475909,13.0895,13.3285,12.366205,4.9421763,220,0,24
36214,M,local,local,S,private,18,13,0,0,18,31,1,3.5055556,3.5,6,15.916667,8.562917,12.4425,8.6225,12.224167,9.82375,12.25125,9.068219,20.208729,41,0,19
40825,F,foreign,foreign,S,private,2,13,0,0,12,15,1,3.75,1.3333334,0,0.0,13.3475,16.085,13.055833,15.97,16.2,16.2,14.814587,0.0,46,0,18
39488,M,foreign,local,S,private,4,16,0,0,18,20,1,3.452381,4.0,0,4.2380953,13.05,15.105833,13.1175,14.929167,16.14,16.14,14.11469,5.490196,56,0,18
16644,M,local,local,S,private,5,68,0,0,66,73,1,3.4190476,1.5,0,3.622857,13.418834,14.9245,13.335,14.664333,16.5655,16.7485,13.815299,5.0859523,228,0,22
37950,M,foreign,local,S,private,0,25,0,0,25,25,1,3.4940476,1.0,0,0.16666667,15.459375,17.03875,15.1725,16.986876,17.88,17.88,16.150032,0.15686275,87,0,19
38250,M,local,local,S,private,6,8,0,14,9,14,1,3.5833333,4.0,0,0.33333334,10.96,13.4375,10.96,13.4375,10.96,13.4375,11.1352215,0.77030814,27,0,19
37808,M,foreign,local,S,private,1,26,0,0,26,27,1,3.5095239,1.5,0,1.5571429,13.6565,15.618,13.835,15.5175,13.535,13.535,14.479174,2.305737,89,0,18
2060,M,local,local,S,private,2,62,0,0,62,64,1,3.8287547,1.3,0,3.9748168,13.481346,15.1675,13.301346,15.036346,14.9915,15.1385,14.234182,5.228609,221,0,22
23905,M,local,local,S,private,5,27,0,0,27,32,1,3.3979166,1.5,1,9.3625,12.473125,14.008125,12.421875,14.063125,14.445,14.735,13.014563,12.690564,91,0,24
25273,M,local,local,S,public,4,66,0,0,66,70,1,3.3630953,1.2,1,3.5555556,14.923959,17.115208,14.827084,16.719584,17.651667,17.651667,15.367682,5.070028,220,0,23
29383,M,local,local,S,private,1,67,0,0,66,68,1,3.3492064,1.2,0,2.6527777,14.163125,15.562708,14.055417,15.401042,17.304375,17.428125,14.433376,3.7038639,222,0,21
43362,M,local,local,S,private,0,8,0,0,8,8,1,3.8333333,1.5,0,0.0,15.2725,17.80375,15.2725,17.80375,15.2725,17.80375,16.3825,0.0,30,0,24
35049,M,local,local,S,private,11,19,0,30,18,30,1,3.5349207,3.5,1,5.2619047,9.475,13.221666,9.905,13.142083,9.99,9.99,10.7109,8.418301,62,0,20
165,M,local,local,S,public,24,61,0,0,61,85,1,3.7125313,1.9,6,5.4350877,10.743027,12.560264,10.608421,12.4921055,12.396875,12.500625,10.898882,9.1933155,218,0,24
17455,M,local,local,S,private,2,57,0,0,55,59,1,3.4371033,2.1666667,2,7.734524,14.158334,15.847917,14.114583,15.699375,17.113333,17.113333,14.23921,9.81223,191,0,25
37797,M,foreign,local,S,private,5,23,0,0,23,28,1,3.7833333,1.5,0,4.65,11.118,14.0225,11.0245,13.8915,13.835,13.835,12.651385,5.6162467,77,0,18
25012,M,local,local,S,private,12,24,0,0,25,36,1,3.6888888,2.0,0,4.974074,11.421945,12.871388,11.421945,12.871388,11.421945,12.871388,11.999792,6.001634,82,0,26
19498,M,local,local,S,public,0,67,0,67,66,67,1,3.3190477,1.2,0,4.5869045,14.950625,16.52875,14.847083,16.277082,17.04,17.04,15.56093,6.0096574,223,0,22
1416,M,local,local,S,private,30,61,0,0,64,91,1,3.610431,2.1,3,10.582767,11.721548,13.183809,11.715119,13.263691,11.535625,11.579375,11.869114,15.308797,218,0,26
37205,M,local,local,S,private,3,23,0,0,23,26,1,3.6,1.5,0,1.1,12.6595,14.2785,12.437,14.197,14.763333,14.763333,13.1687,1.3574661,77,0,19
37417,M,foreign,local,S,private,7,12,0,0,13,19,1,3.9166667,1.6666666,0,6.4583335,10.57125,12.844375,10.4575,12.615625,12.7,12.7,12.159763,8.436533,43,0,18
37115,M,local,local,S,public,3,20,0,0,20,23,1,3.4166667,1.25,0,1.6666666,12.715,15.15125,12.649375,14.744375,15.1875,15.3825,13.549161,2.5575447,67,0,18
43077,M,foreign,local,S,private,5,2,0,0,6,7,1,3.857143,1.0,0,0.0,3.79,11.435,3.79,11.435,3.79,11.435,8.3195,0.0,8,0,18
9749,M,local,local,S,private,9,66,0,0,66,75,1,3.6449404,1.6,0,2.5767858,13.537188,14.932187,13.449843,14.764688,15.526667,15.526667,13.916853,3.8849673,222,0,22
708,M,local,local,S,private,16,62,0,546,62,78,1,4.072682,1.9,3,5.135965,10.093289,11.79,10.093026,11.608553,13.870833,13.870833,11.725065,4.623633,221,0,30
9437,M,local,local,S,private,20,65,0,510,65,85,1,3.412619,2.0,2,7.2969046,12.003375,13.551,11.923875,13.493375,15.032,15.032,12.324177,8.784083,220,0,27
38830,M,foreign,local,S,public,3,24,0,0,26,27,1,3.3630953,1.25,0,1.0476191,13.721875,16.435,13.458125,16.063126,16.98375,17.00125,14.598145,1.3253449,79,0,20
2026,M,local,local,S,private,23,63,0,0,63,86,1,4.116667,2.2,3,9.3,11.299432,12.6930685,11.171818,12.485568,14.379167,14.494166,12.371009,12.767843,224,0,27
35439,M,local,local,S,private,20,17,0,0,20,37,1,3.6833334,3.6666667,0,3.6916666,9.49525,12.197,9.2725,11.875,12.68,12.68,9.112138,4.8595653,59,0,20
27820,M,local,local,S,public,0,62,0,62,62,62,1,3.2455356,1.2,0,5.766369,15.651667,16.963541,15.566459,16.863125,18.2555,18.4825,16.383615,5.6752744,201,0,41
40547,M,local,local,S,private,0,7,0,7,6,7,1,3.857143,1.0,0,0.0,14.92,16.74,14.92,16.74,14.92,16.74,16.1277,0.0,27,0,17
15194,M,foreign,local,S,public,18,59,0,77,61,77,1,3.5325396,1.9,3,10.284127,10.919027,14.169723,10.820416,13.688889,14.1475,15.295834,12.080933,13.987777,197,0,26
40813,M,local,local,S,public,2,11,0,0,11,13,1,3.6785715,1.5,0,0.0,14.4275,16.8075,14.3775,16.5675,18.14,18.14,15.638807,0.0,39,0,21
5573,M,local,local,S,private,18,65,0,0,65,83,1,3.657423,1.7,1,8.913445,11.948089,13.124706,11.856323,13.108677,13.254583,13.437083,12.237034,12.363572,218,0,25
22802,M,local,local,S,private,0,67,0,0,66,67,1,3.53842,1.1,0,2.4228356,15.239091,17.127274,15.192273,17.010681,16.959,17.253,15.840152,3.5440445,225,0,22
39861,M,foreign,local,S,private,2,11,0,0,12,13,1,3.3888888,2.0,0,0.0,12.855833,14.245,12.846666,13.805,17.0,17.0,13.514416,0.0,39,0,17
1012,F,local,local,S,private,3,35,0,0,35,38,1,3.7354167,0.8,0,3.025,12.057187,14.099688,11.971875,13.623438,15.4025,15.4025,13.12435,5.4148393,125,0,24
36307,F,local,local,S,private,1,28,0,29,28,29,1,3.52,1.2,0,2.12,13.843,15.4235,14.0065,15.435,14.65,14.65,14.6058,2.4983096,97,0,19
32812,M,local,local,S,public,11,36,0,0,35,47,1,3.5,1.6666666,0,6.577778,11.951944,13.976944,11.926666,13.756945,14.0,14.0,12.337349,8.04464,124,0,21
40278,M,local,local,S,private,0,14,0,0,14,14,1,3.3174603,1.3333334,0,0.0,15.0325,16.145834,15.1725,16.135834,15.83,18.37,16.335571,0.0,48,0,17
37312,M,local,local,S,private,12,16,0,0,19,28,1,3.4563491,2.3333333,3,11.004762,10.172916,13.364166,10.019584,13.12125,14.805,14.805,10.98091,13.914566,55,0,20
93,F,foreign,foreign,S,private,16,61,0,77,61,77,1,3.6859944,1.7,1,4.5907564,12.136911,13.646029,12.082206,13.566618,12.88125,13.04375,12.763761,7.703081,218,0,29
25550,M,local,local,S,private,6,57,0,0,57,63,1,3.3593073,1.2,1,4.6290045,13.416819,15.140909,13.509091,15.115228,14.6825,15.5475,14.3666315,5.258014,192,0,23
19212,M,local,local,S,private,0,58,0,0,58,58,1,3.442857,1.0,0,3.835238,14.843,16.23,14.92375,16.16875,16.25,16.46,15.381701,5.654158,190,0,22
887,M,local,local,S,private,8,61,0,69,62,69,1,3.820408,1.4,0,1.9047619,11.95125,13.053928,11.933036,13.048928,12.39,13.085,12.365284,4.2486916,218,0,23
14101,M,foreign,local,S,private,17,50,0,67,50,67,1,3.4764705,1.7,6,13.706862,11.273971,13.335,11.121617,13.266029,12.0955,12.3705,12.013149,17.307579,169,0,34
31497,M,local,local,S,private,1,22,0,0,22,23,1,3.8666666,1.1666666,0,4.177778,15.1175,16.06625,15.083333,16.086666,16.82,16.82,15.797513,6.6155157,79,0,24
15586,M,local,local,S,private,13,66,0,474,66,79,1,3.341043,2.1,0,6.65034,13.451667,14.844881,13.270833,14.674286,14.864583,15.340417,13.965413,7.561802,219,0,25
6616,M,local,local,S,private,29,63,0,552,64,92,1,3.4703703,2.8,2,10.540741,11.845093,13.654352,11.753797,13.455,13.9595,14.2345,12.130177,15.005967,214,0,31
39851,M,local,local,S,private,4,10,0,0,10,14,1,4.05,4.0,0,0.0,11.970834,14.923333,11.89,14.335834,17.55,17.55,12.474565,0.0,34,0,17
28784,M,local,local,S,private,6,52,0,0,50,58,1,3.3333333,1.625,2,9.746032,12.966875,14.568334,12.931042,14.482708,15.135,15.135,12.800307,12.016227,176,0,22
28704,M,local,local,S,public,3,60,1,0,59,63,1,3.3952382,1.5555556,2,9.963737,13.773077,15.215577,13.676538,15.162885,15.09,15.09,13.895255,12.291533,201,0,21
1409,M,local,local,S,private,18,54,0,1008,54,72,1,4.127249,1.8,2,9.033003,11.232223,12.557361,11.188889,12.449445,14.6325,14.9575,12.481149,12.348837,186,0,46
44047,M,local,local,S,private,2,7,0,0,7,9,1,3.875,1.5,0,0.0,12.85625,15.47875,12.85625,15.47875,12.85625,15.47875,16.482088,0.0,26,0,30
8839,M,local,local,S,public,19,61,0,320,61,80,1,3.4920635,2.4444444,2,16.912699,11.920953,13.834167,11.739,13.69175,15.061875,15.125625,12.619533,20.602942,207,0,35
5499,F,local,local,S,public,0,65,1,0,65,65,1,3.4388096,1.0,0,2.8294048,14.438,16.227,14.675,16.282,14.392,14.392,15.2453785,3.8533602,220,0,22
40222,M,foreign,foreign,S,private,1,12,0,0,12,13,1,4.0,1.3333334,0,0.0,13.060833,14.553333,13.113334,14.7025,14.25,14.25,14.007246,0.0,43,0,17
36154,M,foreign,local,S,public,4,6,0,40,9,10,1,3.4583333,3.0,0,0.0,11.75625,14.64375,11.44375,14.3075,15.46,15.46,11.74284,0.0,19,0,19
38722,M,local,local,S,private,1,25,0,0,26,26,1,3.5059524,1.0,0,2.75,13.925,16.406876,13.978125,16.300625,15.18,15.18,15.060077,3.035445,87,0,25
35560,M,local,local,S,private,5,32,0,0,32,37,1,3.4126985,1.4,0,1.468254,12.445833,15.26375,12.37125,15.215,15.12,15.12,13.795168,1.7700053,108,0,19
40391,M,local,local,S,private,0,15,0,0,13,15,1,3.517857,1.0,0,0.0,14.79625,16.88375,14.87625,16.57875,15.845,17.695,16.070873,0.0,53,0,17
10726,F,local,local,S,private,14,61,0,0,61,75,1,4.0891533,1.8,0,5.7335978,12.699583,14.03375,12.545139,13.994166,14.205,14.41,13.137279,10.596097,218,0,24
17279,M,foreign,local,S,private,40,48,0,0,52,88,1,3.7027056,3.2857144,3,9.342965,9.263295,11.730454,9.202386,11.654431,13.9225,14.114166,10.13102,11.537953,163,0,34
40118,F,local,local,S,private,0,13,0,0,13,13,1,3.4761906,1.0,0,0.0,16.13,17.54625,16.0975,16.91375,17.945,19.075,16.460762,0.0,45,0,18
32589,M,local,local,S,public,3,53,1,0,53,56,1,3.5010822,1.3333334,0,1.439394,14.240909,15.772727,14.203182,15.673182,17.2,17.2,14.528589,1.7094792,178,0,21
39886,F,local,local,S,private,4,8,0,0,11,12,1,3.9555554,4.0,0,0.0,10.085,11.155833,10.084167,11.4025,13.09,13.09,11.853592,0.0,26,0,17
3001,M,foreign,local,S,private,16,62,0,0,62,78,1,3.4918768,1.7,0,9.67507,11.835735,13.909853,11.668971,13.696912,14.44875,14.87375,12.585004,13.841301,220,0,24
28587,M,local,foreign,S,private,15,42,0,0,41,57,1,3.6320512,2.8,0,2.6897435,11.552115,13.734423,11.441346,13.474808,13.735,13.915,11.524972,3.249054,143,0,21
40395,M,local,local,S,private,0,6,0,6,6,6,1,3.6666667,1.0,0,0.0,17.3875,18.3425,17.3875,18.3425,17.3875,18.3425,17.4827,0.0,22,0,18
32651,M,local,local,S,public,1,51,1,0,52,52,1,3.3439155,1.25,0,3.867725,15.373055,17.12111,15.441667,17.122223,15.29,15.29,15.8827305,5.1036954,172,0,20
1424,M,local,local,S,private,28,64,0,92,64,92,1,3.6568182,2.2,8,14.414394,10.8209095,12.817841,10.781932,12.606478,13.275,13.333571,11.210756,19.40685,226,0,29
42258,M,local,local,C,private,5,7,0,0,11,12,1,3.7222223,4.0,0,0.0,9.645,13.765,9.645,13.765,9.645,13.765,10.956533,0.0,26,0,17
39760,F,local,local,S,private,0,12,0,0,12,12,1,3.5833333,1.0,0,0.0,18.0475,18.84,18.0475,18.52125,19.92,19.92,17.9886,0.0,43,0,18
39699,M,local,local,S,private,0,10,0,10,10,10,1,3.8333333,1.0,0,0.0,15.23375,16.95375,15.23375,16.95375,15.23375,16.95375,15.72594,0.0,38,0,18
18666,M,foreign,foreign,S,private,0,61,0,61,61,61,1,3.2471428,1.0,0,3.1752381,17.2725,18.4715,17.33975,18.41875,17.27375,17.62125,17.9692,4.2799745,197,0,24
525,F,local,local,C,private,0,34,0,34,34,34,1,3.5125,0.8,0,2.0583334,12.94875,14.809375,12.7875,14.4765625,14.963333,14.963333,13.671756,3.939951,122,0,26
37095,F,local,local,S,private,4,20,0,0,19,24,1,3.6559525,1.25,0,0.16666667,13.161875,15.78375,12.675625,15.346875,16.53,16.53,13.528846,0.1633987,70,0,18
33140,M,foreign,foreign,S,private,0,11,0,0,11,11,1,3.3666666,0.75,0,0.0,16.96625,18.325,16.9275,18.445,18.25,18.25,17.44891,0.0,37,0,21
331,M,local,local,S,private,0,35,0,0,35,35,1,3.6336734,0.7,0,1.2948979,14.561786,16.244286,14.568214,16.244286,15.8625,15.8625,15.378629,1.9464285,125,0,27
29097,M,foreign,local,S,private,15,37,0,52,39,52,1,3.5054421,2.5,5,8.258503,11.290893,13.301965,11.150179,13.233929,16.305,16.305,11.130288,11.916289,127,0,22
29233,M,foreign,local,S,private,0,44,1,0,44,44,1,3.338889,1.4285715,0,2.788889,13.764444,16.262222,13.768888,16.176945,14.67,14.67,15.094953,3.328877,148,0,22
1637,M,local,local,S,private,8,61,0,0,61,69,1,3.717347,1.4,3,10.981293,12.307322,13.953571,12.262857,13.782321,14.348,14.348,13.015459,16.986479,218,0,24
631,M,local,local,S,public,17,61,0,78,61,78,1,3.9283447,2.1,3,4.5464854,11.655952,12.927262,11.663095,12.903214,12.67,14.0325,12.3572855,8.160612,218,0,26
6697,M,local,local,S,private,3,66,0,0,66,69,1,3.3428571,1.2,0,8.026984,13.38625,14.949166,13.396459,14.762917,14.9225,15.1675,14.145684,10.490415,222,0,21
1259,M,local,local,S,public,22,61,0,0,61,83,1,3.7714286,2.1,7,12.833787,11.786309,13.921071,11.735238,13.739524,15.5375,15.7725,12.290072,18.290089,218,0,27
2003,M,local,local,S,private,40,62,0,0,62,102,1,3.6226666,2.5,10,14.746,10.4453,13.2497,10.1752,12.6315,13.278,14.309,11.098781,18.282991,222,0,28
37054,M,local,local,S,private,6,19,0,0,19,25,1,3.2349207,2.3333333,0,2.1555555,12.702917,14.086667,12.7475,14.117084,11.76,11.76,12.744348,2.5129411,64,0,18
43167,M,local,local,S,public,0,6,0,0,6,6,1,3.6666667,1.0,0,0.0,12.9175,15.56,12.9175,15.56,12.9175,15.56,14.5068,0.0,22,0,23
22706,M,local,local,S,private,8,69,0,0,67,77,1,3.4956582,1.7,2,1.7434174,13.479706,14.725588,13.457353,14.585147,16.802856,16.802856,13.884892,3.2531195,230,0,24
36678,M,foreign,local,S,private,7,18,0,0,21,25,1,3.4880953,1.6666666,0,3.2916667,9.160625,14.97625,9.02375,14.89,17.325,17.325,11.644492,3.6078432,61,0,19
10482,M,local,local,S,public,26,66,0,552,67,92,1,3.4420996,2.2,2,12.880411,11.277954,12.896818,11.155238,12.689762,13.079687,13.304063,11.494869,17.829994,220,0,28
5974,M,local,local,S,public,19,66,0,0,67,85,1,3.4818451,1.6,3,17.711012,11.543125,13.7951565,11.775782,13.784062,12.925,13.683,12.603083,21.254774,222,0,25
41010,M,foreign,foreign,S,private,2,11,0,0,12,13,1,3.6785715,1.5,0,0.0,12.01125,14.96625,11.8575,14.0925,15.68,15.68,13.555608,0.0,39,0,18
42396,M,foreign,local,S,private,5,9,0,0,11,14,1,4.05,4.0,0,0.0,9.8975,12.49,9.6883335,12.3975,15.46,15.46,11.494093,0.0,30,0,19
32831,M,foreign,local,S,private,6,37,0,43,38,43,1,3.6825397,1.6666666,0,0.45502645,12.964444,14.265555,12.946389,14.244166,14.17,14.17,13.035349,0.82079345,125,0,21
35927,M,local,local,S,public,0,26,2,52,25,26,1,3.3952382,1.2,0,3.4571428,13.181,14.8,13.1305,14.6895,14.61,14.61,13.648934,3.7895927,90,0,22
28739,F,local,local,S,private,4,62,1,0,61,66,1,3.3919413,1.4,1,3.9688644,14.065962,15.858077,14.004039,15.780192,15.724167,16.239166,14.237737,4.0609417,206,0,21
40235,M,local,local,S,public,0,13,0,0,13,13,1,3.4761906,1.0,0,0.0,15.31125,17.03875,15.27625,16.74125,16.9525,18.3975,15.887539,0.0,45,0,17
37572,F,foreign,local,S,private,9,18,0,0,19,27,1,3.5214286,2.0,3,10.476191,10.727,12.98,10.9825,12.8045,11.82,11.82,11.790523,15.286856,62,0,19
39618,F,foreign,local,S,private,2,10,0,0,10,12,1,3.5833333,1.5,0,0.0,11.67125,15.1425,11.2425,15.15375,15.76,15.76,12.6538,0.0,34,0,18
41242,M,local,local,S,private,3,8,0,0,11,11,1,3.4333334,3.0,0,0.0,11.23875,14.49625,11.17125,13.31125,16.03,16.03,12.176673,0.0,27,0,17
32735,M,local,local,S,private,12,41,0,0,41,53,1,3.616883,1.7142857,0,6.8917747,12.726591,14.212728,12.663409,14.186363,15.36625,15.37875,12.459251,7.0684423,141,0,20
5853,M,local,local,S,private,10,67,0,0,67,77,1,3.522381,1.5,0,8.397381,12.919,14.6258335,12.7505,14.4825,14.2615,14.5125,13.728943,10.526902,224,0,24
12575,M,local,local,C,public,18,48,0,330,48,66,1,3.7078948,2.5,4,11.826316,11.098553,13.47671,11.086974,13.353816,14.603333,14.603333,12.103524,14.731134,172,0,28
37842,M,local,local,S,private,0,25,0,0,25,25,1,3.4940476,1.0,0,3.8333333,14.966875,17.12625,14.77125,17.086876,17.725,17.725,16.034927,4.490196,87,0,19
1822,F,local,local,S,private,1,61,0,0,61,62,1,3.943254,1.2,0,7.4329367,14.987708,16.3825,14.937292,16.218542,17.283333,17.63,16.190521,8.575686,217,0,22
1036,M,local,local,S,public,2,61,0,189,61,63,1,3.8210318,1.2,2,4.214286,14.392083,15.322291,14.418333,15.363125,14.375,14.655,14.396994,6.360268,218,0,23
1071,F,local,local,S,private,20,63,0,0,63,83,1,3.8128119,2.1,2,10.941497,11.2047615,12.657619,11.189285,12.485238,14.310625,15.219375,12.298072,9.110626,224,0,27
38145,M,local,foreign,S,private,2,25,1,0,24,27,1,3.5372024,1.25,0,2.8214285,12.606875,15.761875,12.415625,15.955,15.08,15.08,13.985489,3.5221496,86,0,18
12797,M,local,local,S,private,23,68,0,91,68,91,1,3.5228572,2.0,0,6.082143,11.613375,12.94575,11.5425,12.934,14.486,15.01,12.295132,6.9464197,229,0,25
3494,F,local,local,S,private,4,62,0,0,62,66,1,3.6460319,1.2,1,9.130456,15.012917,16.438334,14.8675,16.393333,16.80625,17.1375,15.60505,13.932008,222,0,21
3195,M,local,local,S,private,7,61,0,0,61,68,1,3.7258503,1.4,1,6.6568027,12.897857,14.20375,12.721786,14.174108,14.025,14.245,13.178606,12.485723,218,0,28
41781,M,foreign,foreign,S,public,0,8,1,8,6,8,1,3.75,1.0,0,0.0,15.7775,17.7325,15.7775,17.7325,15.7775,17.7325,16.935,0.0,30,0,21
5510,F,local,local,S,private,17,68,0,0,69,85,1,3.6509523,2.0,0,5.1485715,12.34525,14.101125,12.224875,14.06975,13.9875,14.291072,12.680399,6.982689,226,0,24
28602,F,foreign,foreign,S,private,0,65,0,0,64,65,1,3.4037697,1.2,0,6.9766865,15.56625,16.857084,15.537708,16.756874,18.014,18.014,16.104557,8.790347,216,0,24
8347,M,local,local,S,private,5,65,0,350,65,70,1,3.4711485,1.7,3,17.512115,13.563971,14.61,13.582059,14.561471,15.62,15.62,14.232888,24.24183,220,0,31
25360,M,local,local,S,private,1,66,0,0,66,67,1,3.335606,1.1,0,5.278247,13.756818,15.880909,13.745909,15.580227,15.298333,15.298333,14.764969,6.5949664,220,0,22
37536,M,local,local,S,private,4,8,0,36,9,12,1,3.5,2.0,2,19.166666,11.05375,13.58375,11.05,13.60625,14.28,14.28,10.6085,23.529411,25,0,21
32815,M,local,local,S,private,1,52,0,0,52,53,1,3.452381,1.1111112,0,5.9708996,13.759444,15.366944,13.726389,15.152778,14.98,14.98,14.459477,5.128645,175,0,19
37752,M,local,local,S,public,3,22,0,0,22,25,1,3.4940476,1.25,0,1.7916666,12.98125,15.51875,12.7825,15.4025,16.575,16.575,14.0548,2.254902,75,0,18
35195,F,local,local,S,private,12,25,0,0,27,37,1,3.476984,3.3333333,0,1.2407408,11.326944,13.675834,11.063056,13.156944,15.026667,15.026667,12.22774,1.8945416,83,0,20
10378,F,local,local,S,private,10,66,1,0,66,76,1,3.4386244,1.8,1,2.9296296,13.033334,14.561944,12.817778,14.229305,15.059584,15.23875,13.858258,3.245614,224,0,25
40739,M,local,local,S,private,3,7,0,0,8,10,1,3.7380953,3.0,0,0.0,10.53,13.515,9.91125,13.35,16.0,16.0,11.55266,0.0,22,0,20
9747,M,foreign,local,S,private,0,65,0,0,65,65,1,3.4178572,1.0,0,1.9184524,17.0295,18.35375,16.98525,18.32425,17.982,17.982,17.672525,3.1659126,220,0,21
40983,M,local,local,S,public,0,12,1,0,12,12,1,3.5833333,1.0,0,0.0,15.56,17.905,15.53625,17.5525,19.58,19.58,16.0876,0.0,43,0,17
6700,M,local,local,S,private,14,65,0,79,65,79,1,3.4431217,1.8,2,10.4485445,11.998333,13.779583,11.837916,13.566389,15.35,15.35,12.727411,13.691544,220,0,26
4869,M,local,local,S,public,1,41,0,0,41,42,1,3.7648149,0.9,0,3.3944445,14.919723,16.472221,14.698334,16.468056,16.21,16.21,15.259931,4.0127673,153,0,27
26068,F,local,local,S,private,0,67,1,0,67,67,1,3.335119,1.0,0,4.2541666,15.538,17.70725,15.43575,17.727,17.397,17.541,16.355072,5.3409424,222,0,22
34481,F,foreign,local,S,public,1,32,1,33,33,33,1,3.4960318,1.4,0,5.9960318,13.60375,16.014166,13.46375,15.587916,17.815,17.815,15.389406,5.573975,108,0,20
40308,M,local,local,S,private,2,8,0,0,9,10,1,3.5833333,3.0,0,0.0,11.9475,14.34625,11.9475,14.34625,11.9475,14.34625,12.39936,0.0,27,0,18
20344,M,local,local,S,private,14,54,0,272,58,68,1,3.410348,1.4444444,6,13.927931,11.974615,14.050192,11.847308,13.9275,13.743,14.133,13.13756,17.546858,174,0,28
30292,M,local,local,S,private,16,52,0,0,52,68,1,3.5699406,2.4285715,3,11.138392,12.400156,14.153281,12.37375,14.0425,14.413333,14.413333,12.201701,14.4375515,174,0,22
39376,M,local,local,S,private,1,21,0,0,22,22,1,3.2738094,1.6666666,0,1.9583334,14.145,16.000626,14.025,15.925,15.535,15.535,15.1162815,2.673797,70,0,18
39639,M,local,local,S,public,1,12,0,0,12,13,1,4.0,1.3333334,0,0.0,15.509167,17.0275,15.476666,17.091667,17.66,17.66,15.994077,0.0,43,0,17
1702,M,foreign,local,S,private,27,65,0,0,65,92,1,3.6826923,2.6,0,1.5967948,11.378269,13.107019,11.329135,12.977693,13.4328575,13.981428,12.100206,1.949151,228,0,29
204,F,local,foreign,C,private,0,61,0,0,61,61,1,3.6019049,1.0,0,1.7252381,14.54225,16.05525,14.59125,16.01525,15.490833,15.925834,15.3135605,3.2581298,218,0,22
35053,M,local,local,S,private,0,38,1,0,38,38,1,3.5204082,1.1428572,0,1.1632653,16.125713,17.946785,16.066786,17.959642,18.41,18.41,16.941118,1.3286893,131,0,19
23231,F,local,local,S,private,1,66,0,0,66,67,1,3.4690475,1.4,0,1.2602041,16.10625,17.550714,16.0275,17.435358,18.2675,18.6275,16.51622,1.9900497,220,0,22
20920,M,foreign,local,S,private,0,66,0,0,66,66,1,3.3864286,1.0,0,4.9510713,13.97325,15.4555,13.91075,15.4245,15.9475,16.0025,14.832869,5.8541293,220,0,23
6010,M,local,local,S,private,6,61,0,0,62,67,1,3.3388278,1.3,0,10.835165,13.290577,14.881538,13.240769,14.656154,14.31625,14.48875,13.938813,15.05458,202,0,25
41283,M,local,foreign,S,private,3,10,0,0,10,13,1,3.5357144,1.5,0,0.0,10.79,14.08625,10.97,14.105,11.5,11.5,13.129046,0.0,35,0,17
25271,M,local,local,S,private,7,6,0,0,8,13,1,3.8222222,3.0,0,5.866667,10.025833,12.896667,10.025833,12.896667,10.025833,12.896667,10.884508,7.60181,20,1,18
13815,M,local,local,S,private,4,3,0,0,7,7,1,3.857143,1.0,0,12.857142,9.075,14.595,9.075,14.595,9.075,14.595,11.3741,16.386555,11,1,19
8342,M,local,local,S,private,41,19,0,210,34,60,3,3.346875,4.2083335,26,20.030209,4.623125,8.535313,5.0717187,8.429218,7.098,7.098,5.8105335,27.897877,61,1,37
2597,M,local,local,S,private,6,0,0,6,6,6,1,3.6666667,1.0,5,26.333334,1.89,3.4125,1.89,3.4125,1.89,3.4125,2.7818,36.944443,0,1,19
659,M,foreign,local,S,private,8,4,0,0,9,12,1,4.288889,3.0,0,0.0,4.9,6.5041666,4.9,6.5041666,4.9,6.5041666,7.8102083,0.0,12,1,18
3484,F,local,local,S,private,4,2,0,0,6,6,1,3.6666667,1.0,0,6.1666665,7.09,12.51,7.09,12.51,7.09,12.51,8.7945,8.298611,6,1,18
28805,M,local,local,S,private,12,0,0,0,7,12,1,3.6666667,2.0,12,49.333332,0.19,3.095,0.19,3.095,0.19,3.095,1.8582,59.88562,0,1,18
29967,M,foreign,local,S,private,22,28,0,38,35,50,2,3.6752381,1.9833333,10,14.239048,8.644,11.95275,8.435,11.76225,13.9425,13.9425,9.708184,20.215967,91,1,27
35131,M,local,local,S,private,2,19,0,0,19,21,1,4.0571427,2.5,0,4.752381,12.8935,14.103,12.6525,14.147,13.7125,13.8175,12.827909,3.5854342,67,1,19
15866,F,local,local,C,private,7,4,0,0,8,11,1,3.6333334,2.0,3,18.55,4.6975,11.3175,4.64,9.22875,13.61,13.61,7.4890547,18.983957,11,1,18
41305,M,foreign,local,S,private,9,3,0,0,10,12,1,3.7285714,2.0,0,0.0,6.575,10.8225,6.25125,10.6275,10.1,10.1,9.148133,0.0,10,1,17
13958,F,local,local,S,private,7,65,0,0,66,72,2,3.6264882,1.1583333,0,3.664881,13.240156,14.494219,13.257656,14.445156,16.721666,17.563334,13.589599,5.379194,220,1,24
11587,M,local,local,S,private,4,2,0,0,6,6,1,3.6666667,1.0,1,15.5,8.28,11.975,8.28,11.975,8.28,11.975,9.1436,17.56536,6,1,20
40398,M,foreign,local,S,private,14,0,0,0,6,14,1,3.7083333,1.0,0,0.0,0.0,0.3075,0.0,0.3075,0.0,0.3075,0.26765713,0.0,0,1,19
7856,M,local,local,S,private,1,0,0,0,1,1,1,3.0,1.0,1,24.0,4.74,4.74,4.74,4.74,4.74,4.74,4.74,47.058823,0,1,29
13290,M,local,local,S,private,6,0,0,0,6,6,1,3.6666667,1.0,5,34.666668,0.9775,2.1075,0.9775,2.1075,0.9775,2.1075,1.7195,39.86928,0,1,19
24095,M,local,local,S,private,0,10,0,6,10,10,2,3.9583333,1.0,0,15.833333,12.5575,14.835,12.5575,14.835,12.5575,14.835,14.41698,16.617647,39,1,23
15493,M,foreign,local,S,public,6,0,0,0,6,6,1,3.6666667,1.0,6,52.0,0.0375,0.2725,0.0375,0.2725,0.0375,0.2725,0.2814,62.2549,0,1,21
3446,M,local,local,S,private,26,10,0,0,14,36,2,4.1545453,4.4444447,0,9.007576,6.928409,10.559319,6.909318,10.549091,16.6,16.6,7.4341335,8.892406,32,1,24
1387,M,foreign,local,S,public,12,0,0,0,6,12,1,3.6666667,1.0,1,9.833333,4.71375,8.145,4.71375,8.145,4.71375,8.145,5.53275,13.680555,0,1,23
32988,M,local,local,S,private,1,1,0,0,2,2,1,4.0,1.0,0,2.0,9.655,12.605,9.655,12.605,9.655,12.605,0.0,2.0,3,1,17
19549,F,local,local,S,public,14,17,0,0,21,31,1,3.714815,3.0,4,12.744445,10.195833,11.78,9.930278,11.286667,11.905625,12.031875,10.5133295,15.857932,55,1,20
31681,M,local,local,S,private,16,23,0,15,22,39,1,3.52517,2.1794872,11,23.64762,7.2778573,11.534286,7.682857,11.765715,5.58,5.58,9.890898,25.339367,81,1,23
24432,F,local,local,S,public,5,1,0,6,6,6,1,3.6666667,1.0,0,1.3333334,6.465,10.5,6.465,10.5,6.465,10.5,8.2486,1.633987,3,1,19
28352,M,local,local,S,private,39,18,0,26,24,57,3,3.8887756,3.3333333,8,24.847279,6.905,9.880357,6.74625,9.853393,11.3675,12.3755,8.829563,21.030249,59,1,28
41380,M,foreign,foreign,S,public,7,0,0,7,6,7,1,3.5714285,1.0,0,0.0,3.385,7.9,3.385,7.9,3.385,7.9,5.7105,0.0,0,1,19
28703,M,local,local,S,private,4,3,0,0,5,7,1,3.8,2.0,0,10.0,6.7325,11.8175,6.7325,11.8175,6.7325,11.8175,6.072,18.067226,9,1,19
24440,F,local,local,S,public,6,14,0,20,17,20,1,3.7142856,2.0,0,3.6964285,11.186875,13.77,10.5975,12.575,15.23875,16.86625,12.57767,4.70098,38,1,20
6655,F,local,local,S,private,12,11,0,0,17,23,1,3.2,4.0,1,14.475,8.36375,12.728125,7.0125,11.548125,10.939167,12.410833,9.5766735,18.030691,29,1,20
36047,M,local,local,S,private,3,10,0,26,13,13,1,3.4761906,1.0,0,1.0238096,13.12375,16.34875,13.00875,16.70875,13.145,14.755,14.347131,1.3197587,33,1,15
24322,F,foreign,local,S,private,6,0,0,0,6,6,1,3.6666667,1.0,6,66.833336,0.0,0.0,0.0,0.0,0.0,0.0,0.4436,82.026146,0,1,17
10976,M,local,local,S,private,6,0,0,0,6,6,1,3.6666667,1.0,6,46.333332,1.475,5.3225,1.475,5.3225,1.475,5.3225,2.8523,54.248367,0,1,20
28034,M,local,local,S,private,12,4,0,16,8,16,1,3.7555556,3.0,9,31.01111,5.6833334,10.285,5.6833334,10.285,5.6833334,10.285,7.395325,37.377453,12,1,21
13735,M,local,local,S,private,51,33,0,0,42,84,3,3.4709752,2.080357,18,20.539116,8.415,11.377381,8.415358,11.131071,10.049,10.191,9.028612,27.686975,115,1,26
22552,M,local,local,S,public,8,1,0,0,6,9,1,4.2222223,3.0,0,6.4444447,6.0183334,8.705833,6.0183334,8.705833,6.0183334,8.705833,6.9128222,4.765795,3,1,17
26364,M,local,local,S,private,9,3,0,0,8,12,1,3.7222223,1.8333334,3,16.166666,6.1883335,11.4375,6.1883335,11.4375,6.1883335,11.4375,8.3202,22.320261,9,1,19
1001,M,local,local,S,public,9,24,0,0,26,33,1,3.75,1.5,1,8.722222,11.607917,13.947083,11.575417,14.037084,11.86,11.86,12.575563,9.376052,84,1,21
13813,M,local,foreign,S,private,6,0,0,0,6,6,1,3.6666667,1.0,0,12.666667,4.585,9.1,4.585,9.1,4.585,9.1,6.4686,15.03268,0,1,18
2182,M,local,local,S,private,11,33,0,0,36,44,1,3.775,1.6,2,8.75,12.10375,14.869062,11.67875,14.545,15.915833,16.140833,12.973936,13.203667,115,1,20
8201,F,local,local,S,private,28,20,0,0,27,48,2,3.8833334,3.0625,6,19.463888,8.3875,10.87,7.8277082,10.5175,13.916,14.68,9.449769,18.040804,58,1,22
355,M,local,local,S,private,29,30,0,59,37,59,1,3.8114285,3.0,5,5.633333,9.5928335,11.724334,9.533,11.7325,10.966666,10.966666,10.0288725,8.428673,103,1,27
28174,M,foreign,foreign,S,private,1,23,0,24,22,24,1,3.5107143,1.3333334,0,1.8119048,15.381875,17.01,15.434375,16.99125,16.99,16.99,16.070587,1.9403595,81,1,20
35281,M,local,local,S,private,13,4,0,5,10,17,1,3.3166666,2.4117646,9,25.0,5.199375,7.351875,5.199375,7.373125,0.0,0.0,4.3252177,37.612457,14,1,18
14372,M,local,local,S,public,3,1,0,0,4,4,1,3.5,1.0,1,16.0,3.785,11.1975,3.785,11.1975,3.785,11.1975,6.4636,20.343138,3,1,19
1260,M,local,local,S,private,28,26,0,432,34,54,1,3.8025641,3.25,11,14.892307,9.303269,11.718846,9.201346,11.737692,8.9475,8.9475,9.620661,23.6975,91,1,35
6147,M,local,local,S,private,6,0,0,0,6,6,1,3.6666667,1.0,4,23.5,0.515,2.76,0.515,2.76,0.515,2.76,1.2705,32.15278,0,1,19
29520,M,local,local,S,private,7,2,0,0,6,9,1,4.2222223,3.0,0,10.0,6.838333,9.463333,6.838333,9.463333,6.838333,9.463333,4.9118,9.866169,6,1,18
573,F,local,local,S,public,18,17,0,70,22,35,1,3.9625,2.6666667,5,8.304167,9.370937,11.327188,9.31625,10.993438,11.93,11.93,9.662071,11.244047,62,1,22
229,M,foreign,local,C,private,17,44,0,61,49,61,1,3.839966,2.0,5,5.323469,11.28125,13.306429,11.379107,13.356428,10.8875,12.4625,11.955547,9.507393,153,1,29
13411,M,foreign,local,S,public,14,9,0,0,12,23,1,3.8147619,5.0,8,32.553333,5.798,8.603,5.6995,7.5815,14.9,14.9,7.643887,32.161125,31,1,20
1817,F,local,local,S,public,3,3,0,0,6,6,1,3.6666667,1.0,0,1.1666666,10.285,15.47,10.285,15.47,10.285,15.47,11.6686,1.4930556,8,1,18
35675,M,local,local,S,private,17,7,0,0,11,24,1,4.013889,6.0,2,18.534721,7.1179166,9.65375,6.9779167,9.32125,11.45,13.0175,7.662258,17.791666,20,1,19
3348,M,local,local,S,public,1,3,0,0,4,4,1,3.25,2.0,1,17.5,8.98125,13.29375,7.275,8.175,14.25,14.25,10.65,23.56005,9,1,21
17196,M,local,local,S,private,12,12,0,0,13,24,1,3.5,6.0,3,10.416667,8.452084,11.607917,8.22875,10.953333,11.653334,11.66,9.383762,15.604575,38,1,19
4547,M,local,local,S,private,6,0,0,0,6,6,1,3.6666667,1.0,6,41.833332,0.18,0.525,0.18,0.525,0.18,0.525,0.3859,58.229168,0,1,17
591,M,local,local,S,public,31,33,0,0,34,64,1,3.7077923,1.8333334,7,8.130303,8.736591,10.653182,8.778636,10.667273,6.8375,9.7125,9.33543,10.696711,122,1,25
26602,M,local,local,S,private,3,5,0,0,6,8,1,3.8333333,2.0,0,7.25,10.9725,13.37375,10.9725,13.37375,10.9725,13.37375,10.872575,8.415032,18,1,18
13058,M,local,local,S,private,6,0,0,0,6,6,1,3.6666667,1.0,0,9.833333,2.9275,3.4025,2.9275,3.4025,2.9275,3.4025,2.9041,12.254902,0,1,17
26895,M,local,local,S,public,4,2,0,0,6,6,1,3.6666667,1.0,1,10.666667,8.9375,13.7175,8.9375,13.7175,8.9375,13.7175,9.8482,13.071896,6,1,17
37590,M,local,local,S,private,6,0,0,0,6,6,1,3.6666667,1.0,2,24.833334,2.385,5.08,2.385,5.08,2.385,5.08,3.1864,30.882353,0,1,17
8742,M,local,local,S,private,6,2,0,16,4,8,1,3.5833333,4.0,3,25.916666,7.69,9.1175,7.69,9.1175,7.69,9.1175,7.15865,33.333332,7,1,21
12130,M,local,local,S,public,2,0,0,0,1,2,1,5.0,2.0,0,0.0,11.07,11.07,11.07,11.07,11.07,11.07,11.07,0.0,0,1,17
3406,M,local,local,S,private,7,11,0,36,13,18,1,4.133333,2.0,0,2.1916666,11.985,14.461875,11.985,14.461875,11.985,14.461875,12.164978,3.2066994,39,1,18
25664,M,local,local,S,private,4,5,0,0,6,9,1,3.8333333,2.0,0,6.5833335,11.99625,13.35875,11.99625,13.35875,11.99625,13.35875,12.149333,6.971678,19,1,18
29823,M,local,local,S,public,11,4,0,2,8,15,1,3.7666667,2.7333333,4,21.408333,4.955,8.416875,4.89375,8.564375,4.0,4.0,4.516053,23.885714,14,1,18
22091,M,local,local,S,private,6,0,0,0,6,6,1,3.6666667,1.0,6,46.166668,0.635,1.225,0.635,1.225,0.635,1.225,1.015,55.555557,0,1,17
8382,M,local,local,S,public,21,14,0,0,19,35,1,3.790476,1.8142858,10,27.204762,6.955,10.321072,7.5942855,10.108571,9.365,9.365,8.817774,32.03081,53,1,24
33595,M,foreign,local,S,private,14,7,0,0,11,21,1,3.8,5.0,2,16.7,7.5985,10.675,7.255,10.656,10.74,11.51,7.873762,19.985994,22,1,18
3919,M,local,local,S,private,4,2,0,0,6,6,1,3.6666667,1.0,3,25.0,3.6975,13.29,3.6975,13.29,3.6975,13.29,6.9668,30.424837,6,1,18
800,M,local,local,S,public,16,12,0,0,18,28,1,3.7,2.5,4,7.5,7.363,9.9725,7.359,9.9365,14.65,14.65,8.2943,10.685764,40,1,23
26763,M,local,local,S,private,5,3,0,0,6,8,1,3.8333333,2.0,0,16.083334,6.71,11.4625,6.71,11.4625,6.71,11.4625,7.912825,20.547386,9,1,17
3512,F,local,local,S,private,10,27,0,0,30,37,1,3.9416666,1.6,0,4.4375,11.448125,13.49125,11.43625,13.399375,15.59,15.59,12.041043,7.4908366,99,1,20
8561,M,local,local,S,private,8,3,0,0,6,11,1,3.7333333,2.0,0,10.45,7.66375,11.15625,7.66375,11.15625,7.66375,11.15625,8.767873,11.720142,9,1,20
3213,M,local,local,S,private,6,0,0,0,6,6,1,3.6666667,1.0,0,13.166667,3.425,8.295,3.425,8.295,3.425,8.295,5.1614,17.569445,0,1,18
24393,F,local,local,S,public,4,2,0,6,6,6,1,3.6666667,1.0,0,5.5,4.9475,11.695,4.9475,11.695,4.9475,11.695,7.1468,6.535948,6,1,17
8193,M,local,local,S,public,6,0,0,0,6,6,1,3.6666667,1.0,6,51.166668,0.0,0.0,0.0,0.0,0.0,0.0,0.2455,62.2549,0,1,20
4201,M,local,local,S,private,4,3,0,0,7,7,2,3.3333333,1.0,0,5.8333335,3.38125,6.64875,3.38125,6.64875,3.38125,6.64875,6.5205426,13.154762,8,1,19
12881,M,local,local,S,private,9,7,0,0,11,16,1,4.116667,4.0,2,13.520833,11.0525,12.49375,11.033125,12.51625,7.72,7.72,9.874187,17.764357,25,1,27
32648,F,local,local,S,public,4,6,0,0,10,10,1,3.5833333,1.0,2,16.708334,8.765,11.445,8.765,11.445,8.765,11.445,10.82376,18.039215,22,1,17
4362,F,local,local,S,private,33,69,0,0,71,102,2,3.5531428,2.2705882,0,7.713333,11.5611,13.2581,11.4121,13.0525,13.135,13.7535715,11.922182,11.919414,228,1,26
11795,M,local,local,S,public,23,16,0,12,23,39,2,3.9515152,2.6153846,17,30.751514,5.789318,10.100454,5.5213637,9.664318,16.64,16.64,7.442633,35.186024,54,1,23
13092,M,local,local,S,private,1,2,0,0,3,3,1,2.3333333,1.0,0,12.666667,7.73,13.07,11.54,11.54,6.59,11.93,10.2371,22.549019,5,1,22
10739,M,local,local,S,public,20,67,0,0,67,87,1,3.578882,2.1174967,6,14.235921,10.473261,12.746196,10.449239,12.63837,15.2225,16.0725,12.819387,11.681316,220,1,28
1370,M,foreign,local,S,private,6,11,0,0,15,17,1,3.588889,1.5,1,6.7222223,10.646667,12.975,11.009167,12.981667,9.27,9.27,11.024559,8.688725,38,1,19
1870,M,local,local,S,private,15,3,0,6,11,18,1,3.8333333,2.0,7,24.883333,3.61625,6.8275,3.655625,6.855625,2.49,2.49,6.4201,26.67824,11,1,25
8203,M,local,local,S,private,6,0,0,0,6,6,1,3.6666667,1.0,6,47.833332,0.0,0.2025,0.0,0.2025,0.0,0.2025,0.1732,57.51634,0,1,17
14813,F,local,local,S,public,18,68,0,0,67,86,1,3.4431217,1.6813953,1,9.410053,12.569028,14.294027,12.632083,14.117084,13.587083,14.06125,12.806647,10.888965,224,1,24
26599,M,local,local,S,private,30,41,0,0,46,71,2,3.5411766,1.4882629,5,12.729412,10.254412,12.636029,10.243529,12.628676,12.79,12.95,10.750086,15.00795,138,1,22
11799,M,local,local,S,private,34,68,0,0,69,102,2,3.5618055,1.627451,3,12.829861,11.04125,12.878437,10.879375,12.705937,13.696,14.096,11.534648,15.513456,228,1,27
6239,M,local,local,S,private,15,65,0,80,66,80,1,3.3629465,1.6,0,5.2375,10.977187,13.565156,10.999063,12.847343,13.036786,13.116072,13.131771,7.854439,218,1,26
2116,F,local,local,S,private,5,13,0,0,15,18,1,3.6698413,1.5,1,3.915873,12.109167,15.046667,11.5875,15.133333,15.88,15.88,12.727506,5.289352,44,1,18
4681,M,local,local,S,private,5,1,0,0,6,6,1,3.6666667,1.0,0,1.6666666,7.41,9.475,7.41,9.475,7.41,9.475,7.8423,1.9791666,3,1,17
23187,F,local,local,S,private,6,1,0,0,6,7,1,3.3333333,2.0,0,6.9166665,10.48125,12.6775,10.48125,12.6775,10.48125,12.6775,8.691315,8.011205,3,1,17
38219,M,foreign,local,S,public,6,0,0,0,6,6,1,3.6666667,1.0,6,52.333332,0.0,0.0,0.0,0.0,0.0,0.0,0.0,63.56209,0,1,17
33803,M,local,local,S,private,4,2,0,0,6,6,1,3.6666667,1.0,1,20.333334,4.7775,11.0625,4.7775,11.0625,4.7775,11.0625,8.94,23.039215,6,1,17
10104,M,foreign,local,S,private,2,4,0,0,6,6,1,3.6666667,1.0,0,11.333333,8.595,13.475,8.595,13.475,8.595,13.475,10.6232,13.398693,13,1,17
35680,M,local,local,S,private,2,0,0,0,1,2,1,5.0,2.0,0,6.0,7.37,7.37,7.37,7.37,7.37,7.37,0.0,6.6666665,0,1,17
15363,M,local,local,S,public,5,12,0,0,13,17,1,3.5555556,3.0,0,4.522222,11.089167,14.71,10.995,13.880834,15.695,16.85,12.623759,5.5651674,37,1,19
22704,M,local,local,S,private,2,1,0,0,2,3,1,4.5,2.0,0,17.75,8.08625,8.87875,8.08625,8.87875,8.08625,8.87875,8.7192,14.222222,3,1,18
13144,M,local,local,S,public,9,29,0,0,33,38,2,4.00291,1.5263158,0,5.465344,12.070556,13.690833,12.015,13.429722,17.103333,17.103333,12.0602865,7.6754384,99,1,19
15455,M,local,local,S,private,4,2,0,0,6,6,1,3.6666667,1.0,0,10.5,4.675,12.3575,4.675,12.3575,4.675,12.3575,7.7968,11.764706,6,1,17
11239,M,local,local,S,public,32,15,0,0,26,47,2,3.7595239,3.1170213,1,9.925,7.8451786,11.185535,7.6910715,10.327857,15.59625,15.64875,9.0595255,10.814769,48,1,23
2197,M,foreign,local,S,public,13,5,0,18,12,18,1,3.6666667,3.0,12,30.277779,3.9633334,5.6116667,3.9633334,5.6116667,3.9633334,5.6116667,4.768767,40.18246,17,1,21
35107,M,local,local,S,private,10,4,0,0,8,14,1,3.7777777,3.0,0,3.3888888,8.166667,11.498333,8.166667,11.498333,8.166667,11.498333,7.7418857,5.322129,12,1,17
33035,M,foreign,local,S,private,6,8,0,0,13,14,1,3.984127,1.5,4,11.563492,11.376667,12.8116665,11.3575,12.325833,9.34,9.34,9.585207,20.028011,29,1,24
6523,M,local,local,S,private,35,15,0,0,25,50,1,3.5282052,2.6333334,27,29.017948,6.203654,9.883654,6.0521154,9.735385,7.18375,7.38625,6.833394,37.57221,56,1,27
32,M,local,local,S,private,29,41,0,350,45,70,1,3.8443453,2.6666667,10,13.769494,9.599688,12.190469,9.71125,11.662344,11.5385,12.0955,10.44095,19.21596,140,1,26
21160,M,local,local,S,public,3,3,0,12,6,6,1,3.6666667,1.0,0,3.6666667,7.6425,13.2625,7.6425,13.2625,7.6425,13.2625,9.2541,3.9215686,10,1,22
32245,M,local,local,S,public,6,0,0,0,6,6,1,3.6666667,1.0,6,51.333332,0.4775,2.73,0.4775,2.73,0.4775,2.73,1.5153,63.398693,0,1,17
39377,M,local,local,S,private,5,3,0,8,6,8,1,3.75,1.0,0,1.5,7.86,11.9,7.86,11.9,7.86,11.9,8.4673,1.4705882,11,1,17
280,M,local,local,S,private,9,3,0,0,8,12,1,3.6666667,2.0,0,2.75,6.7275,10.4525,7.07625,10.54,1.8,1.8,8.4575,3.648148,8,1,18
37431,M,local,local,S,private,10,3,0,0,6,13,1,3.775,2.0,0,2.775,6.72875,11.315,6.72875,11.315,6.72875,11.315,8.143854,2.7903469,10,1,17
28856,M,local,local,S,private,7,8,0,30,11,15,1,4.0833335,4.0,0,6.0833335,10.065,12.505,10.011875,11.965,12.75,12.75,8.52616,8.687208,25,1,18
10346,M,local,local,S,private,6,0,0,0,6,6,1,3.6666667,1.0,6,35.333332,2.215,4.525,2.215,4.525,2.215,4.525,3.4068,41.25817,0,1,25
13721,M,local,local,S,public,6,0,0,0,6,6,1,4.0,1.0,6,48.333332,0.0,0.285,0.0,0.285,0.0,0.285,0.2663,55.39216,0,1,22
18682,F,local,local,S,public,3,2,0,0,5,5,1,3.8,1.0,0,10.8,8.49,12.8,8.49,12.8,8.49,12.8,8.9526,12.3529415,6,1,20
23676,M,local,local,S,public,27,12,0,1,16,39,2,3.6466668,5.025641,10,24.55,6.914,9.90425,7.032778,10.367778,8.446875,8.945625,8.487429,27.857214,40,1,24
18629,F,local,local,S,private,3,9,0,12,10,12,1,3.3333333,2.0,1,17.583334,10.72875,13.8325,9.27,12.1525,13.18,15.595,11.4106,23.284313,28,1,26
27936,M,foreign,local,S,private,1,4,0,0,5,5,1,3.6,1.0,0,8.6,11.95,14.45,11.95,14.45,11.95,14.45,13.465,10.196078,15,1,21
6853,M,local,local,S,private,6,0,0,0,6,6,1,3.6666667,1.0,4,32.166668,2.0625,4.1925,2.0625,4.1925,2.0625,4.1925,3.2145,45.59028,0,1,17
8361,M,local,local,S,private,49,68,0,0,72,117,2,3.6497538,2.4666667,15,20.73596,10.666379,12.830258,10.505,12.576035,11.235455,11.235455,10.783366,25.34969,226,1,29
10275,M,local,local,S,private,14,66,0,0,66,80,2,3.5138392,1.2584722,0,10.133184,12.597343,14.408438,12.568125,14.315,13.709,13.811,13.140863,13.140931,222,1,23
5968,M,local,local,S,private,6,0,0,0,6,6,1,3.6666667,1.0,4,29.833334,1.455,2.78,1.455,2.78,1.455,2.78,1.9977,34.25926,0,1,25
24532,F,local,local,S,public,3,3,0,6,6,6,1,3.6666667,1.0,0,3.5,8.765,14.1625,8.765,14.1625,8.765,14.1625,11.1009,5.0653596,9,1,18
33810,F,local,local,S,public,10,18,0,0,18,28,1,3.8238096,2.3333333,0,9.7952385,11.511071,13.168928,11.3825,13.208215,13.43,13.43,11.412743,10.273809,65,1,19
10749,M,local,local,S,public,6,0,0,0,6,6,1,3.6666667,1.0,6,45.166668,0.1875,0.4875,0.1875,0.4875,0.1875,0.4875,0.3682,55.31046,0,1,17
20246,M,local,local,S,private,18,20,0,0,25,38,2,3.4458334,3.1052632,2,13.689584,9.893125,12.269375,9.550312,11.759375,13.743333,14.385,10.9956,16.45769,64,1,20
22196,F,local,local,S,private,1,4,0,0,3,5,1,3.8333333,2.0,0,5.0,12.465,14.02,12.465,14.02,12.465,14.02,13.22992,8.431373,14,1,18
1205,M,local,local,S,public,3,3,0,0,6,6,1,3.6666667,1.0,0,8.333333,8.3475,13.255,8.3475,13.255,8.3475,13.255,9.6991,14.222222,8,1,18
39681,M,local,local,S,private,7,0,0,0,6,7,1,3.857143,1.0,0,0.0,0.82,2.005,0.82,2.005,0.82,2.005,1.6427,0.0,0,1,18
120,M,local,local,S,private,9,10,0,19,12,19,1,3.7833333,2.0,1,9.416667,8.579375,11.84875,8.579375,11.84875,8.579375,11.84875,10.054848,13.7061405,36,1,20
6517,M,local,local,S,private,6,0,0,6,6,6,1,3.6666667,1.0,0,18.166666,2.965,9.98,2.965,9.98,2.965,9.98,6.0095,20.52469,0,1,19
27206,M,foreign,local,S,private,6,0,0,0,6,6,1,3.6666667,1.0,1,16.833334,3.7925,7.715,3.7925,7.715,3.7925,7.715,5.6832,18.954248,0,1,26
37973,M,foreign,foreign,S,public,7,1,0,0,6,8,1,3.75,1.0,0,8.5,2.33,9.5975,2.33,9.5975,2.33,9.5975,6.59,9.313725,3,1,17
26474,M,foreign,foreign,S,private,0,6,0,6,6,6,1,3.5,0.5,0,3.8333333,16.4025,18.475,16.4025,18.475,16.4025,18.475,17.7024,4.5751634,21,1,19
11616,F,foreign,local,S,private,9,1,0,0,6,10,1,3.8333333,2.0,4,35.916668,2.1775,5.635,2.1775,5.635,2.1775,5.635,4.52516,34.351852,3,1,18
22383,F,local,local,S,public,2,12,0,14,11,14,1,4.3333335,2.0,0,2.6666667,12.96,14.938125,12.949375,14.77125,18.31,18.31,13.731043,3.6694677,45,1,19
3991,M,local,local,S,private,19,34,0,212,36,53,1,3.7027779,2.0,6,16.114815,9.75125,11.654445,9.526527,11.389861,13.694375,14.058125,10.568696,23.382908,124,1,31
18820,F,local,local,S,private,2,0,0,0,2,2,1,4.0,1.0,1,33.5,4.7325,4.9775,4.7325,4.9775,4.7325,4.9775,4.9163,27.666666,0,1,19
6909,M,foreign,local,S,private,14,10,0,0,15,24,1,3.9266667,2.5,1,12.3,9.5635,11.4545,9.5025,11.4365,15.0,15.0,9.563742,15.543301,33,1,18
4641,M,local,local,S,private,44,33,0,72,43,77,2,3.8011494,4.3922076,5,10.987931,9.971465,11.757414,10.040517,11.613017,9.084167,10.945833,10.39757,14.259029,116,1,29
20045,M,local,local,S,private,9,5,0,0,9,14,1,4.0666666,4.0,2,21.283333,8.988125,10.435,8.53125,10.203125,12.63,12.63,9.717586,18.281813,15,1,19
8095,M,local,local,S,private,12,5,0,17,12,17,1,4.0833335,4.0,6,14.458333,8.434375,10.0475,8.4275,9.99125,4.13,4.13,8.1097765,22.145329,19,1,19
25137,M,local,local,S,public,3,3,0,0,6,6,1,3.5,1.0,3,24.0,4.9675,12.28,4.45,12.54,11.5,11.5,8.8014,29.575163,11,1,21
26324,M,local,local,S,private,7,1,0,0,6,8,1,3.8333333,2.0,6,40.583332,3.74,6.7525,3.74,6.7525,3.74,6.7525,3.3075,45.22059,3,1,20
34813,F,local,local,S,public,5,5,0,10,8,10,1,3.3333333,2.0,1,14.625,8.13125,13.42,7.495,11.5,18.1,18.1,9.29142,17.156862,14,1,23
12452,M,local,local,S,private,2,0,0,0,2,2,1,4.0,1.0,0,0.0,8.93,10.41,8.93,10.41,8.93,10.41,9.67,0.0,0,1,18
16048,M,local,local,S,public,4,9,0,0,11,13,1,3.975,2.0,1,18.591667,10.005,13.29375,9.5925,11.65,15.445,16.575,11.019592,17.835596,29,1,27
10191,F,local,local,S,private,4,2,0,0,6,6,1,3.6666667,1.0,0,13.5,4.4925,11.9825,4.4925,11.9825,4.4925,11.9825,7.7218,15.03268,6,1,18
13276,F,local,local,S,private,8,4,0,0,7,12,1,4.0634923,1.75,0,5.3174605,7.2108335,11.3575,7.2108335,11.3575,7.2108335,11.3575,8.642591,6.9444447,12,1,17
40428,M,local,local,S,private,3,3,0,0,6,6,1,3.6666667,1.0,0,15.666667,6.025,12.81,6.025,12.81,6.025,12.81,8.5395,18.79085,10,1,18
10451,M,foreign,local,S,private,12,5,0,0,9,17,1,3.6555555,3.0,0,2.3333333,8.3625,11.715834,8.265833,11.568334,17.63,17.63,10.349011,2.9988465,14,1,20
11867,M,local,local,S,public,6,2,0,0,7,8,1,3.8333333,2.0,4,12.166667,8.395,10.04125,8.395,10.04125,8.395,10.04125,6.405775,22.058823,8,1,25
1950,F,local,local,S,public,11,1,0,0,6,12,1,3.6666667,1.0,2,12.416667,5.43875,8.54625,5.43875,8.54625,5.43875,8.54625,6.26545,18.211805,3,1,17
13805,F,local,local,S,private,5,2,0,0,7,7,1,3.857143,1.0,0,20.285715,3.265,10.55,3.265,10.55,3.265,10.55,6.1676,23.389357,6,1,18
818,F,local,local,S,private,8,5,0,0,10,13,1,3.3095238,2.0,0,0.0,9.13,11.765,9.04,11.1575,14.46,14.46,10.244554,0.0,13,1,17
22363,M,local,local,S,private,0,2,0,0,2,2,1,4.0,1.0,0,0.0,12.415,13.365,12.415,13.365,12.415,13.365,13.1275,0.0,8,1,17
10099,M,local,local,S,public,6,18,0,0,23,24,1,3.5833333,1.3333334,0,4.625,10.885625,13.203125,10.828125,12.80375,16.41,16.41,12.072375,5.6985292,65,1,18
1189,M,local,local,S,public,6,40,0,92,42,46,2,3.468889,1.6811594,1,8.544444,12.3046665,13.5928335,12.248834,13.345667,14.358334,14.635,12.632591,11.386166,135,1,32
8473,F,local,local,S,public,9,0,0,0,6,9,1,3.3333333,2.0,9,35.75,0.14125,2.105,0.14125,2.105,0.14125,2.105,1.2301,49.891068,0,1,24
20112,F,local,local,S,private,15,8,0,0,13,23,1,3.6055555,6.0,6,24.788889,7.352083,9.979584,6.79625,9.0304165,10.2925,10.664166,9.267439,24.360188,24,1,19
9783,M,local,local,S,private,7,15,0,0,19,22,1,3.5833333,2.0,0,1.5666667,10.525,12.875,10.355,12.54,14.075,14.075,11.727286,2.3395722,54,1,18
11233,F,local,local,S,private,10,12,0,0,17,22,1,3.74,2.5,5,17.303333,8.7045,11.3385,7.944,10.666,13.8625,15.6075,10.277014,26.500298,37,1,19
9722,F,local,local,S,private,6,17,0,23,18,23,1,3.625,1.3333334,0,3.1,11.860625,13.085,11.786875,12.963125,17.23,17.23,12.427396,4.390452,58,1,18
13519,M,local,local,S,private,5,0,0,0,5,5,1,3.8,1.0,1,20.4,3.68,9.87,3.68,9.87,3.68,9.87,5.6563,25.09804,0,1,21
10428,M,foreign,local,S,private,5,6,0,11,8,11,1,3.5333333,2.0,4,30.166666,8.515,13.345,7.25875,13.105,14.81,14.81,9.362691,36.051693,19,1,24
37458,M,local,local,S,private,7,1,0,0,6,8,1,3.75,1.0,2,20.375,5.355,11.06,5.355,11.06,5.355,11.06,6.7282,25.367647,3,1,18
2429,M,local,local,S,public,6,3,0,9,7,9,1,3.1666667,2.0,6,23.666666,3.65625,9.005,3.65625,9.005,3.65625,9.005,4.7366,38.325165,8,1,17
8918,F,local,local,S,private,2,0,0,0,2,2,1,3.5,1.0,0,14.0,10.31,10.51,10.31,10.51,10.31,10.51,10.3433,19.607843,0,1,23
27957,M,local,local,S,private,15,10,0,28,14,25,1,3.538889,3.12,11,35.697224,5.1983333,7.1075,5.0520835,6.50625,11.086667,11.086667,6.395884,37.843136,31,1,22
17993,M,local,local,S,public,6,0,0,0,6,6,1,3.6666667,1.0,4,31.0,4.4375,6.96,4.4375,6.96,4.4375,6.96,4.9755,38.235294,0,1,20
5141,M,local,local,S,private,9,5,0,0,11,14,2,3.5555556,1.7142857,1,10.777778,6.866667,11.925834,6.866667,11.925834,6.866667,11.925834,8.694672,14.933863,14,1,20
10072,M,local,local,S,private,33,11,0,26,19,44,1,3.6692858,2.75,10,20.277143,8.11575,10.645,8.406,10.348,7.836875,8.615625,8.239977,25.209448,39,1,21
13718,M,foreign,local,S,public,7,0,0,0,7,7,1,3.857143,1.0,6,35.0,1.845,3.505,1.845,3.505,1.845,3.505,2.8156,41.736694,0,1,17
29355,M,local,local,S,private,21,13,0,0,16,34,1,3.4634922,3.2794118,8,13.118519,6.9894443,10.1925,6.9355555,9.970278,14.615,14.615,8.74417,18.981546,42,1,21
3594,M,foreign,local,S,public,6,0,0,0,6,6,1,3.6666667,1.0,0,4.6666665,4.9375,10.02,4.9375,10.02,4.9375,10.02,6.7291,6.076389,0,1,17
4627,M,foreign,local,S,private,15,11,0,26,17,26,1,3.6666667,4.0,8,11.4375,6.6990623,8.202188,6.6903124,8.030937,15.15,15.15,7.4062386,13.909314,36,1,26
29474,F,local,local,S,private,7,4,0,22,8,11,1,3.6333334,2.0,1,16.066668,8.57,12.3375,8.57,12.3375,8.57,12.3375,9.506364,19.340464,14,1,20
34948,M,local,local,S,private,6,0,0,0,6,6,1,3.6666667,1.0,3,26.5,2.78,3.74,2.78,3.74,2.78,3.74,3.0986,33.006535,0,1,18
10978,F,local,local,S,private,5,1,0,0,6,6,1,3.6666667,1.0,0,9.166667,5.9725,9.55,5.9725,9.55,5.9725,9.55,7.9719,10.866014,3,1,19
3899,F,local,local,S,private,40,69,0,11,72,109,2,3.6390805,2.6293578,1,7.962069,11.010604,12.785862,10.898879,12.453879,13.682813,13.823438,11.251276,11.795912,229,1,29
13416,M,local,local,S,public,19,11,0,0,14,30,1,3.352381,4.0666666,1,9.561905,6.0666666,10.344167,4.7970834,9.507916,13.164166,14.1825,8.07151,9.281046,30,1,20
4558,F,local,local,S,private,5,66,0,0,67,71,2,3.637075,1.3239436,0,4.4955783,13.499822,15.410536,13.429464,15.2625,15.638,15.702,14.2904215,7.0496755,223,1,22
35991,M,local,local,S,private,16,9,0,0,12,25,1,3.7428572,4.4,1,9.619047,7.7139287,10.951786,7.0632143,10.832143,11.856667,11.863334,7.891844,11.985883,29,1,18
36126,M,foreign,foreign,S,private,6,0,0,0,6,6,1,3.6666667,1.0,5,33.5,2.4525,6.31,2.4525,6.31,2.4525,6.31,3.9629,40.522877,0,1,27
4696,M,local,local,S,private,18,0,0,0,6,18,1,3.6666667,1.6666666,16,43.22222,1.1125,2.5725,1.1125,2.5725,1.1125,2.5725,1.7957667,59.304874,0,1,18
31388,M,local,local,S,private,0,6,0,0,6,6,1,3.6666667,1.0,0,9.0,14.0575,15.8175,14.0575,15.8175,14.0575,15.8175,14.3007,9.477124,22,1,19
7597,M,local,local,S,private,23,26,0,49,32,49,1,3.7372293,2.75,8,20.858875,8.665909,11.3575,8.646363,11.086818,12.333333,12.333333,10.098143,24.62185,93,1,21
7366,F,local,local,S,private,6,0,0,0,6,6,1,3.6666667,1.0,0,10.0,4.025,9.0425,4.025,9.0425,4.025,9.0425,5.6395,10.620915,0,1,18
21302,F,local,local,S,public,2,4,0,18,6,6,1,4.375,2.0,2,32.0,10.55875,11.71875,10.55875,11.71875,10.55875,11.71875,12.528133,25.0,15,1,22
5029,F,foreign,local,S,private,6,0,0,0,6,6,1,3.6666667,1.0,1,15.833333,3.845,5.6075,3.845,5.6075,3.845,5.6075,4.3514,22.430555,0,1,16
9546,F,local,local,S,private,15,5,0,0,12,20,1,3.625,4.0,4,21.458334,6.19875,9.118125,6.195625,9.07875,15.89,15.89,8.01381,23.382353,16,1,23
21966,M,local,local,S,private,25,5,0,0,14,30,2,3.85,2.8666666,5,22.2,6.716786,8.741786,6.716786,8.741786,6.716786,8.741786,7.91752,19.562185,18,1,22
21388,M,local,local,S,private,23,12,0,9,18,35,2,3.9777777,3.057143,1,14.3,8.215278,11.213889,8.137222,10.640555,12.715,12.715,8.957726,15.662665,39,1,23
1437,M,local,local,S,private,6,0,0,0,6,6,1,3.6666667,1.0,4,32.0,0.4125,0.75,0.4125,0.75,0.4125,0.75,0.6205,45.3125,0,1,17
1648,M,foreign,local,S,private,5,1,0,0,6,6,1,3.6666667,1.0,2,28.833334,1.575,8.075,1.575,8.075,1.575,8.075,4.0991,38.020832,2,1,19
11463,M,local,local,S,private,15,17,0,0,23,32,1,3.2690477,2.3333333,7,19.719048,6.7935715,9.834286,6.6978574,9.563571,9.856,9.856,9.445503,21.99755,62,1,26
20982,F,local,local,S,public,8,6,0,14,11,14,1,3.8333333,4.0,0,5.0833335,10.14,11.59125,10.070625,11.225625,18.25,18.25,9.947857,5.987395,20,1,21
21354,F,local,local,S,private,7,1,0,0,6,8,1,3.8333333,2.0,1,17.416666,7.58625,8.40625,7.58625,8.40625,7.58625,8.40625,8.665425,12.416667,3,1,17
40476,M,foreign,local,S,public,15,4,0,0,10,19,1,3.6746032,3.0,0,3.4285715,4.5108333,10.695,4.0891666,9.7475,14.9,14.9,7.936721,4.127967,11,1,19
3749,M,local,local,S,private,18,66,0,0,67,84,2,3.6325815,1.5797619,3,13.585777,11.533552,13.065526,11.518421,13.036448,14.089167,14.700833,12.156174,16.703465,223,1,26
16366,M,local,local,S,private,0,6,0,0,6,6,1,3.6666667,1.0,0,9.333333,15.28,16.9875,15.28,16.9875,15.28,16.9875,16.0214,11.437908,22,1,26
15108,M,local,local,S,public,6,0,0,0,6,6,1,3.6666667,1.0,6,35.666668,1.515,5.16,1.515,5.16,1.515,5.16,2.9314,41.666668,0,1,19
8417,M,local,local,S,private,24,10,0,0,20,34,2,3.7883334,4.029412,9,24.013334,7.004,9.70375,6.93375,9.68425,16.12,16.12,8.213685,27.73587,36,1,26
33640,M,local,local,S,private,14,0,0,0,8,14,1,3.7777777,3.0,0,6.2777777,3.765,7.670833,3.765,7.670833,3.765,7.670833,3.7056,8.620448,0,1,19
4411,M,local,local,S,public,31,9,0,0,15,40,2,3.7583334,2.725,10,20.6875,5.3415623,9.109688,5.0,9.1025,10.975,10.975,7.11139,23.162888,27,1,22
5007,M,local,local,S,private,4,3,0,0,7,7,1,2.857143,1.0,0,12.0,10.355,12.805,10.1925,13.2225,11.8,11.8,11.236,23.988094,7,1,23
1357,F,foreign,local,S,public,20,3,0,0,13,23,2,3.75,1.4782609,11,24.05,2.939375,5.76875,2.939375,5.76875,2.939375,5.76875,4.3468523,30.194242,8,1,26
36290,M,local,local,S,private,7,0,0,0,6,7,1,3.3333333,2.0,6,31.083334,5.55375,5.655,5.55375,5.655,5.55375,5.655,0.24582857,54.2437,0,1,18
12162,M,local,local,S,private,29,61,0,0,65,90,2,3.5575757,2.545679,2,10.262121,11.334432,13.198409,11.216704,13.034659,14.37,14.37,11.630066,13.316906,203,1,30
33401,M,local,local,S,private,10,9,0,0,12,19,1,3.9166667,4.0,0,9.083333,6.1975,10.766875,5.74375,9.465625,13.3125,14.0775,8.161295,13.003096,26,1,18
6946,F,foreign,local,S,private,16,3,0,19,11,19,1,3.32,5.0,10,25.82,4.9635,8.9785,5.191,8.2135,5.6233335,7.515,5.4287577,41.38287,9,1,21
21570,M,foreign,local,S,private,6,0,0,0,6,6,1,3.6666667,1.0,0,13.166667,3.0825,6.785,3.0825,6.785,3.0825,6.785,4.5732,17.320261,0,1,18
26156,M,local,local,S,private,5,3,0,0,6,8,1,3.8333333,2.0,0,13.666667,8.30625,11.36375,8.30625,11.36375,8.30625,11.36375,8.987575,17.156862,9,1,20
32922,F,local,local,S,private,2,4,0,0,6,6,1,3.6666667,1.0,0,2.0,11.445,16.4475,11.445,16.4475,11.445,16.4475,13.4395,1.9607843,13,1,17
12527,M,foreign,foreign,S,private,8,5,0,0,9,13,1,3.7555556,3.0,8,25.911112,5.454167,9.13,5.454167,9.155,0.0,0.0,5.416446,36.349926,17,1,17
3265,M,foreign,local,S,public,9,2,0,0,8,11,1,3.8333333,2.0,0,5.5333333,5.4025,8.98875,5.4025,8.98875,5.4025,8.98875,7.1438274,7.334002,6,1,18
8766,M,local,local,S,private,23,10,0,0,15,33,1,3.7208333,4.0,4,13.389286,8.535313,11.145625,8.059063,10.892187,10.5125,11.644167,8.956251,23.02436,34,1,21
15092,M,local,local,S,private,2,0,0,2,2,2,1,4.0,1.0,0,2.0,6.6,9.8,6.6,9.8,6.6,9.8,7.4,2.0,0,1,19
24929,M,foreign,local,S,private,1,2,0,0,3,3,1,3.6666667,1.0,0,2.6666667,12.075,13.02,12.075,13.02,12.075,13.02,12.5209,3.9215686,8,1,17
9524,F,local,local,S,private,3,3,0,0,6,6,1,3.6666667,1.0,0,3.0,8.3625,13.28,8.3625,13.28,8.3625,13.28,10.1632,4.248366,9,1,18
13270,M,local,local,S,private,15,69,0,65,68,84,2,3.428446,1.6130953,1,6.6758146,12.656053,13.984736,12.587763,13.899736,13.706667,13.916667,12.929861,8.750389,232,1,24
24325,M,local,local,S,private,1,5,0,0,6,6,1,3.6666667,1.0,0,2.6666667,12.1625,13.4025,12.1625,13.4025,12.1625,13.4025,12.4209,3.1045752,18,1,18
17670,M,local,local,S,private,15,25,0,0,27,40,1,3.2314816,2.25,1,7.7222223,10.382778,12.910556,10.280833,12.768333,13.71625,14.22875,11.294465,9.893382,87,1,22
32540,M,local,local,S,private,18,15,0,0,18,33,1,3.8604167,2.6818182,0,1.064881,8.87625,12.029062,9.413125,11.984375,8.693334,9.28,9.508145,2.1836007,50,1,20
21884,M,local,local,S,private,28,19,0,14,32,47,2,3.5266666,2.29078,21,32.496666,4.67175,7.45275,4.40825,6.94125,7.312,9.082,7.566517,35.81441,66,1,29
4705,M,local,local,S,private,14,5,0,5,13,19,2,4.0266666,3.2105262,3,20.553333,5.2815,8.0975,4.9705,7.778,12.535,14.445,7.2443633,24.93765,12,1,31
5801,M,local,local,S,private,23,22,0,0,26,45,1,3.5742857,3.3333333,1,8.269048,9.8575,11.962,9.29375,11.23325,12.724,13.492,10.5025425,13.335028,67,1,20
38553,M,local,local,S,private,11,9,0,0,14,20,1,3.7083333,1.6,0,1.0833334,9.069375,12.2425,8.939375,10.8725,12.41,12.41,9.58023,0.88235295,30,1,21
14313,F,local,local,S,public,9,6,0,0,8,15,1,3.9466667,5.0,0,4.64,8.342,11.6235,8.2025,11.4735,13.9,13.9,9.610454,5.7633986,17,1,22
327,F,local,local,S,public,20,34,0,54,42,54,1,3.8385713,1.6666666,3,4.774286,9.20325,11.615,9.07375,11.59325,14.83,14.83,10.287033,7.589718,122,1,21
1256,M,local,local,S,private,8,3,0,0,8,11,1,3.8333333,2.0,0,8.8,6.66125,9.77125,6.66125,9.77125,6.66125,9.77125,7.4917364,11.780303,8,1,20
23113,M,local,local,S,private,9,5,0,0,8,14,1,3.7777777,3.0,1,6.111111,6.8441668,11.964167,6.8441668,11.964167,6.8441668,11.964167,8.517985,7.6505604,15,1,18
8788,M,local,local,S,public,24,41,0,0,44,65,2,3.5696077,1.8948718,3,17.731373,10.1122055,12.689264,10.010882,12.205,13.1125,14.76875,11.156176,20.895927,139,1,29
10707,M,local,local,S,private,6,0,0,0,6,6,1,3.6666667,1.0,5,31.333334,3.615,5.615,3.615,5.615,3.615,5.615,4.4045,36.846405,0,1,19
15725,F,foreign,local,S,private,7,5,0,0,7,12,1,3.6,3.0,0,7.2,9.441667,12.081667,9.03,12.130834,11.3,11.3,10.406375,10.0,17,1,17
3433,M,local,local,S,private,4,2,0,0,6,6,1,3.6666667,1.0,0,9.333333,8.0,11.38,8.0,11.38,8.0,11.38,9.3727,12.465278,5,1,17
4843,M,local,local,S,private,12,0,0,6,12,12,2,3.6666667,1.0,11,36.583332,2.43,4.17,2.43,4.17,2.43,4.17,2.94295,49.282066,0,1,21
14654,M,local,local,S,public,13,66,0,0,66,79,1,3.4918768,1.5810126,5,13.781443,12.138382,13.972941,11.94,13.766176,12.94,12.94,12.828614,13.628941,220,1,23
41014,M,foreign,foreign,S,public,7,0,0,0,6,7,1,3.857143,1.0,0,0.0,5.585,8.72,5.585,8.72,5.585,8.72,7.3555,0.0,0,1,17
3770,M,foreign,local,S,private,5,1,0,0,6,6,1,3.6666667,1.0,0,3.8333333,8.5325,10.0125,8.5325,10.0125,8.5325,10.0125,8.9923,5.2287583,2,1,18
8871,M,local,local,S,public,6,0,0,0,6,6,1,3.6666667,1.0,6,54.833332,0.0,0.285,0.0,0.285,0.0,0.285,0.2736,66.666664,0,1,23
1096,F,local,local,S,private,19,52,0,340,50,71,1,3.635589,1.5366197,3,6.7273183,9.801053,12.043816,9.5975,11.744342,14.929375,15.148125,11.50378,10.300293,182,1,34
32949,M,foreign,local,S,private,15,29,0,0,29,44,1,3.4583333,1.4545455,2,6.0208335,10.804063,13.760938,10.713437,13.555625,14.085,14.085,11.895591,7.406417,98,1,21
26754,M,local,local,S,private,6,7,0,0,10,13,1,4.111111,3.0,1,9.222222,8.941667,11.808333,8.855,11.358334,11.73,11.73,10.3986,13.529411,24,1,17
25275,M,local,local,S,private,10,17,0,0,21,27,1,3.6666667,1.6666666,1,7.2466664,10.133,13.113,9.686,12.9555,15.953333,15.953333,11.493511,7.7995644,57,1,20
10681,M,local,local,S,private,5,1,0,0,6,6,1,3.6666667,1.0,0,12.333333,5.6975,9.6975,5.6975,9.6975,5.6975,9.6975,7.3086,15.277778,3,1,17
22961,F,local,local,S,public,2,40,0,0,40,42,1,3.477551,1.1666666,2,10.05034,13.905714,16.25357,13.87,16.15643,15.82,15.82,14.849277,11.869748,140,1,20
27747,M,local,local,S,private,4,2,0,0,6,6,1,3.6666667,1.0,0,14.0,3.3,11.3475,3.3,11.3475,3.3,11.3475,7.7959,14.705882,6,1,18
32837,M,local,local,S,private,12,7,0,0,10,19,1,3.6833334,4.0,0,3.9916666,6.24375,11.606875,5.983125,9.944375,11.82,11.82,6.5045366,4.7729616,21,1,18
24870,M,local,local,S,private,6,12,0,0,15,18,2,4.0416665,1.4444444,3,27.258333,11.18375,13.403125,11.18375,13.403125,11.18375,13.403125,13.8317,22.521786,45,1,23
20426,M,local,local,S,public,11,1,0,0,6,12,1,3.6666667,3.0,5,30.3,3.6691666,5.9508333,3.6691666,5.9508333,3.6691666,5.9508333,3.9299667,42.030228,3,1,17
12567,M,local,local,S,private,8,9,0,0,14,17,1,3.5555556,1.6470588,7,29.188889,6.1525,9.933333,5.3083334,8.910833,16.7275,18.2625,8.195894,32.439445,29,1,18
12840,M,local,local,S,private,11,4,0,0,8,15,1,3.95,4.0,2,21.091667,6.623125,10.634375,6.623125,10.634375,6.623125,10.634375,7.0937667,29.96732,14,1,19
27409,M,local,local,S,public,6,2,0,0,6,8,1,3.3333333,2.0,0,13.433333,7.135,10.87,6.2125,10.7575,9.08,9.38,9.917875,18.259804,6,1,19
14077,M,foreign,local,S,public,19,18,0,0,17,37,1,3.5261905,2.6891892,1,8.703869,9.368438,12.0625,9.357187,11.57875,10.9565,11.2175,10.426576,10.466349,58,1,24
40399,M,local,local,S,private,8,0,0,0,6,8,1,3.75,1.0,5,26.875,1.4125,2.55,1.4125,2.55,1.4125,2.55,1.9986,32.47549,0,1,18
24274,F,local,local,S,private,7,6,0,0,11,13,1,3.8222222,3.0,0,10.033334,9.5575,11.56,9.531667,10.935,16.15,16.15,10.565154,9.528658,21,1,16
28388,M,local,local,S,private,3,3,0,0,6,6,1,3.5,3.0,2,23.0,10.299167,12.535833,10.299167,12.535833,10.299167,12.535833,9.6262,26.895424,10,1,20
25358,M,local,local,S,private,0,1,0,0,1,1,1,5.0,1.0,0,4.0,11.88,11.88,11.88,11.88,11.88,11.88,11.88,3.3333333,5,1,16
14115,M,foreign,local,S,private,7,0,0,0,6,7,1,4.5,1.0,2,13.416667,5.06375,7.76875,5.06375,7.76875,5.06375,7.76875,4.6489143,23.809525,0,1,18
425,F,local,local,S,private,1,57,0,0,57,58,1,3.585238,1.1111112,0,3.7871428,13.871,15.3735,13.94375,15.1735,14.648334,14.711667,14.538284,5.784067,204,1,21
25672,F,local,local,S,private,5,14,0,0,15,19,1,3.88,2.5,0,3.22,12.2245,14.212,11.63,13.7765,14.54,14.87,11.508953,4.0712075,46,1,18
34848,M,local,local,S,public,0,2,0,0,2,2,1,3.5,1.0,0,16.0,11.79,12.35,11.79,12.35,11.79,12.35,11.99,20.588236,7,1,26
23632,M,local,local,S,public,17,8,0,0,12,25,1,3.3944445,3.36,8,26.780556,5.8925,10.325833,5.99375,9.662084,13.34625,13.43875,7.420272,28.690197,21,1,21
5533,M,local,local,S,public,6,0,0,6,6,6,1,3.6666667,1.0,6,47.166668,0.0,0.675,0.0,0.675,0.0,0.675,0.45,58.333332,0,1,18
13771,M,foreign,foreign,S,private,5,2,0,0,7,7,1,3.857143,1.0,0,8.714286,5.16,10.58,5.16,10.58,5.16,10.58,7.818,10.084034,6,1,17
13631,F,local,local,S,public,5,2,0,0,7,7,1,3.857143,1.0,2,24.142857,4.205,8.915,4.205,8.915,4.205,8.915,5.9579,28.991596,6,1,21
17849,M,local,local,S,private,7,1,0,0,6,8,1,3.8333333,2.0,0,5.0,7.8275,10.48375,7.8275,10.48375,7.8275,10.48375,8.4012,8.578431,3,1,18
35327,M,local,local,S,private,20,13,0,0,17,33,1,3.847619,2.6969697,0,12.471429,7.3439283,11.56,7.2264285,11.683572,12.045834,12.404166,9.268761,13.96019,42,1,20
26292,M,foreign,local,S,private,7,1,0,0,6,8,1,3.8333333,2.0,0,7.0833335,6.65625,10.57125,6.65625,10.57125,6.65625,10.57125,6.9019,9.656863,3,1,18
23765,M,foreign,foreign,S,public,4,8,0,0,10,12,1,3.75,2.0,1,12.333333,9.76875,13.2025,9.76875,13.2025,9.76875,13.2025,11.54385,13.398693,28,1,18
26635,M,foreign,local,S,private,4,2,0,0,6,6,1,3.6666667,1.0,0,3.8333333,9.2825,12.56,9.2825,12.56,9.2825,12.56,10.0641,4.248366,6,1,17
6875,F,local,local,S,private,10,6,0,0,10,16,1,4.0833335,4.0,1,8.291667,8.46875,11.503125,8.46875,11.503125,8.46875,11.503125,9.338044,10.963542,19,1,19
1703,M,foreign,local,S,private,5,16,0,0,20,21,1,3.7440476,1.3333334,1,3.3869047,10.71875,14.54625,10.455625,14.2025,16.7,16.7,12.105776,6.031746,57,1,18
18476,M,local,local,S,private,5,0,0,0,5,5,1,3.6,1.0,3,24.8,1.55,4.9,1.55,4.9,1.55,4.9,3.6428,30.392157,0,1,17
1945,M,local,local,S,private,5,6,0,0,10,11,1,3.7333333,2.0,0,1.35,9.76125,14.725,9.76125,14.725,9.76125,14.725,11.2741,1.8939394,18,1,18
9534,M,local,local,S,public,3,3,0,0,6,6,1,3.6666667,1.0,0,3.3333333,8.0225,13.095,8.0225,13.095,8.0225,13.095,9.8777,4.738562,10,1,17
691,M,local,local,S,private,8,5,0,0,11,13,1,3.3095238,2.0,0,0.0,6.96375,12.4725,6.27,10.86,14.9,14.9,9.40443,0.0,14,1,18
29103,M,local,local,S,private,12,7,0,0,9,19,1,4.202778,6.0,4,9.963889,9.121667,11.6775,9.121667,11.6775,9.121667,11.6775,6.7638054,15.789474,25,1,18
8952,M,local,local,S,public,17,8,0,50,13,25,1,4.077778,6.0,3,17.36111,6.252917,10.27875,5.9216666,10.516666,8.93,8.93,8.115516,17.294117,27,1,22
35051,M,local,local,S,private,16,3,0,0,10,19,1,3.6416667,4.0,0,16.416666,5.535625,10.439375,5.3825,10.4375,15.05,15.05,6.544463,22.714138,9,1,18
539,M,local,local,S,private,0,37,0,138,37,37,2,3.8452382,1.7747748,0,11.107142,14.246786,15.352678,14.393461,15.479808,15.15,15.15,15.173214,12.7957,138,1,33
28676,M,local,local,S,private,6,7,0,0,11,13,1,3.4444444,3.0,0,10.0,11.7675,13.2491665,11.693334,12.889167,13.62,13.62,9.933739,16.62896,22,1,17
7210,M,local,local,S,private,15,68,0,0,70,83,2,3.4891534,1.351004,0,2.2592592,12.490417,14.192361,12.498889,14.095555,13.458333,13.655,12.824429,3.7562013,225,1,25
29199,M,local,local,S,private,17,7,0,0,12,24,1,3.661111,6.0,5,12.411111,9.035417,11.062083,9.118333,10.87125,8.87,8.87,8.297858,19.84944,22,1,18
8557,M,local,local,S,public,4,2,0,0,6,6,1,3.6666667,1.0,0,6.1666665,8.135,11.63,8.135,11.63,8.135,11.63,9.8977,9.150327,7,1,16
1843,M,local,local,S,private,6,0,0,6,6,6,1,3.6666667,1.0,3,21.333334,4.0,8.1075,4.0,8.1075,4.0,8.1075,5.3964,31.493055,0,1,17
5112,M,local,local,C,private,23,24,0,148,28,47,2,3.9505494,3.0283687,7,9.192307,9.051731,11.301538,9.022116,11.207692,10.25,10.25,9.638081,11.634335,88,1,27
11192,M,local,local,S,private,11,16,0,27,19,27,1,3.9333334,3.5,3,17.47619,9.8007145,11.921785,10.103929,11.9175,11.21,12.096666,10.985174,14.778504,53,1,22
37418,M,local,local,S,private,6,0,0,0,6,6,1,3.6666667,1.0,0,0.0,1.5575,6.8825,1.5575,6.8825,1.5575,6.8825,4.4509,0.0,0,1,18
7068,M,foreign,local,S,public,34,67,0,142,68,101,2,3.8204587,2.4455445,2,9.741358,10.845555,12.484907,10.774167,12.3127775,11.8714285,13.04,11.382536,11.957225,221,1,28
20255,F,local,local,S,private,14,28,0,0,31,42,1,3.9842858,2.5,1,10.821667,10.606,13.51525,10.5245,13.39325,14.81,15.9875,11.488905,12.0774975,101,1,20
6798,M,local,local,S,private,6,0,0,0,6,6,1,3.6666667,1.0,6,41.333332,0.975,1.1825,0.975,1.1825,0.975,1.1825,1.7641,50.1634,0,1,17
16807,M,local,local,S,private,6,11,0,0,13,17,1,3.5083334,2.0,0,9.808333,11.40125,14.265625,10.866875,13.58875,15.3425,15.3875,11.919347,10.8131485,31,1,19
12510,M,local,local,S,private,6,0,0,0,6,6,1,3.6666667,1.0,6,36.833332,0.7125,2.095,0.7125,2.095,0.7125,2.095,1.3014,41.33987,0,1,17
11557,F,local,local,S,private,11,16,0,0,17,27,1,3.8,3.0,0,8.466666,11.274583,13.727917,11.2725,13.44125,15.146667,15.146667,12.221182,8.748891,51,1,19
16863,M,local,local,S,private,3,10,0,0,11,13,1,3.7222223,1.5,0,0.6944444,12.145,14.833333,12.105833,14.390833,18.18,18.18,13.176677,1.055807,35,1,18
2254,M,local,local,S,private,7,22,0,116,27,29,1,3.6016667,3.3333333,4,11.925,11.39625,13.47775,11.46975,13.63525,13.13,13.13,11.616831,17.419827,74,1,41
12736,F,local,local,S,private,12,4,0,0,9,16,1,3.6690476,3.0,0,2.0428572,6.6233335,10.771667,6.6233335,10.771667,6.6233335,10.771667,7.8487124,2.4816177,12,1,18
