ID,Curve
28587,"1.0,1.0,1.0,1.0,1.0,1.0,1.0,1.0,1.0,1.0,1.0,1.0,0.99,0.98,0.98,0.93,0.93,0.93,0.93,0.93,0.93,0.93,0.93"
17279,"1.0,1.0,1.0,1.0,1.0,1.0,1.0,1.0,1.0,1.0,1.0,1.0,1.0,0.99,0.99,0.98,0.98,0.98,0.98,0.98,0.98,0.98,0.98"
37220,"1.0,0.99,0.98,0.95,0.92,0.87,0.83,0.67,0.51,0.31,0.31,0.31,0.0,0.0,0.0,0.0,0.0,0.0,0.0,0.0,0.0,0.0,0.0"
37427,"1.0,0.99,0.98,0.97,0.94,0.91,0.87,0.75,0.62,0.43,0.43,0.43,0.02,0.0,0.0,0.0,0.0,0.0,0.0,0.0,0.0,0.0,0.0"
37534,"0.98,0.92,0.85,0.71,0.56,0.38,0.25,0.06,0.01,0.0,0.0,0.0,0.0,0.0,0.0,0.0,0.0,0.0,0.0,0.0,0.0,0.0,0.0"
26733,"0.99,0.97,0.95,0.9,0.83,0.73,0.64,0.39,0.2,0.06,0.06,0.06,0.0,0.0,0.0,0.0,0.0,0.0,0.0,0.0,0.0,0.0,0.0"
21336,"1.0,0.99,0.99,0.97,0.95,0.92,0.89,0.79,0.67,0.5,0.5,0.5,0.04,0.0,0.0,0.0,0.0,0.0,0.0,0.0,0.0,0.0,0.0"
39858,"0.95,0.85,0.73,0.52,0.32,0.15,0.07,0.0,0.0,0.0,0.0,0.0,0.0,0.0,0.0,0.0,0.0,0.0,0.0,0.0,0.0,0.0,0.0"
18242,"0.79,0.44,0.22,0.04,0.0,0.0,0.0,0.0,0.0,0.0,0.0,0.0,0.0,0.0,0.0,0.0,0.0,0.0,0.0,0.0,0.0,0.0,0.0"
3939,"0.43,0.05,0.0,0.0,0.0,0.0,0.0,0.0,0.0,0.0,0.0,0.0,0.0,0.0,0.0,0.0,0.0,0.0,0.0,0.0,0.0,0.0,0.0"
23603,"0.83,0.53,0.31,0.08,0.01,0.0,0.0,0.0,0.0,0.0,0.0,0.0,0.0,0.0,0.0,0.0,0.0,0.0,0.0,0.0,0.0,0.0,0.0"
8628,"1.0,1.0,0.99,0.99,0.97,0.96,0.94,0.88,0.8,0.68,0.68,0.68,0.16,0.02,0.02,0.0,0.0,0.0,0.0,0.0,0.0,0.0,0.0"
41212,"0.98,0.94,0.9,0.8,0.68,0.53,0.4,0.15,0.04,0.0,0.0,0.0,0.0,0.0,0.0,0.0,0.0,0.0,0.0,0.0,0.0,0.0,0.0"
38250,"0.95,0.83,0.71,0.48,0.28,0.12,0.05,0.0,0.0,0.0,0.0,0.0,0.0,0.0,0.0,0.0,0.0,0.0,0.0,0.0,0.0,0.0,0.0"
6734,"0.73,0.34,0.14,0.01,0.0,0.0,0.0,0.0,0.0,0.0,0.0,0.0,0.0,0.0,0.0,0.0,0.0,0.0,0.0,0.0,0.0,0.0,0.0"
17103,"0.99,0.98,0.96,0.92,0.86,0.78,0.7,0.48,0.29,0.11,0.11,0.11,0.0,0.0,0.0,0.0,0.0,0.0,0.0,0.0,0.0,0.0,0.0"
29326,"1.0,1.0,1.0,1.0,1.0,1.0,1.0,1.0,0.99,0.99,0.99,0.99,0.94,0.88,0.88,0.66,0.66,0.66,0.66,0.66,0.66,0.66,0.66"
28424,"0.92,0.74,0.58,0.31,0.13,0.03,0.01,0.0,0.0,0.0,0.0,0.0,0.0,0.0,0.0,0.0,0.0,0.0,0.0,0.0,0.0,0.0,0.0"
27881,"0.92,0.74,0.58,0.31,0.14,0.04,0.01,0.0,0.0,0.0,0.0,0.0,0.0,0.0,0.0,0.0,0.0,0.0,0.0,0.0,0.0,0.0,0.0"
20422,"0.93,0.77,0.62,0.36,0.17,0.05,0.01,0.0,0.0,0.0,0.0,0.0,0.0,0.0,0.0,0.0,0.0,0.0,0.0,0.0,0.0,0.0,0.0"
10482,"1.0,1.0,1.0,1.0,1.0,1.0,1.0,1.0,1.0,1.0,1.0,1.0,1.0,1.0,1.0,1.0,1.0,1.0,1.0,1.0,1.0,1.0,1.0"
22123,"1.0,1.0,0.99,0.98,0.97,0.95,0.93,0.85,0.76,0.62,0.62,0.62,0.1,0.01,0.01,0.0,0.0,0.0,0.0,0.0,0.0,0.0,0.0"
1096,"1.0,1.0,0.99,0.99,0.98,0.96,0.94,0.88,0.81,0.69,0.69,0.69,0.17,0.02,0.02,0.0,0.0,0.0,0.0,0.0,0.0,0.0,0.0"
26436,"1.0,1.0,1.0,1.0,1.0,1.0,1.0,1.0,1.0,1.0,1.0,1.0,0.99,0.98,0.98,0.94,0.94,0.94,0.94,0.94,0.94,0.94,0.94"
36719,"1.0,1.0,1.0,1.0,1.0,0.99,0.99,0.98,0.96,0.94,0.94,0.94,0.74,0.51,0.51,0.11,0.11,0.11,0.11,0.11,0.11,0.11,0.11"
5141,"0.65,0.22,0.06,0.0,0.0,0.0,0.0,0.0,0.0,0.0,0.0,0.0,0.0,0.0,0.0,0.0,0.0,0.0,0.0,0.0,0.0,0.0,0.0"
4018,"0.95,0.82,0.7,0.47,0.27,0.11,0.04,0.0,0.0,0.0,0.0,0.0,0.0,0.0,0.0,0.0,0.0,0.0,0.0,0.0,0.0,0.0,0.0"
26148,"1.0,1.0,1.0,1.0,1.0,0.99,0.99,0.98,0.97,0.94,0.94,0.94,0.75,0.52,0.52,0.12,0.12,0.12,0.12,0.12,0.12,0.12,0.12"
35086,"1.0,1.0,1.0,1.0,1.0,1.0,0.99,0.99,0.98,0.96,0.96,0.96,0.82,0.64,0.64,0.23,0.23,0.23,0.23,0.23,0.23,0.23,0.23"
29355,"0.99,0.96,0.92,0.84,0.74,0.6,0.48,0.22,0.08,0.01,0.01,0.01,0.0,0.0,0.0,0.0,0.0,0.0,0.0,0.0,0.0,0.0,0.0"
4757,"0.76,0.38,0.17,0.02,0.0,0.0,0.0,0.0,0.0,0.0,0.0,0.0,0.0,0.0,0.0,0.0,0.0,0.0,0.0,0.0,0.0,0.0,0.0"
626,"0.93,0.79,0.65,0.39,0.2,0.07,0.02,0.0,0.0,0.0,0.0,0.0,0.0,0.0,0.0,0.0,0.0,0.0,0.0,0.0,0.0,0.0,0.0"
8839,"1.0,1.0,1.0,1.0,1.0,1.0,1.0,1.0,1.0,1.0,1.0,1.0,1.0,1.0,1.0,1.0,1.0,1.0,1.0,1.0,1.0,1.0,1.0"
15875,"1.0,0.98,0.97,0.94,0.9,0.84,0.78,0.59,0.41,0.21,0.21,0.21,0.0,0.0,0.0,0.0,0.0,0.0,0.0,0.0,0.0,0.0,0.0"
32552,"0.99,0.98,0.96,0.92,0.87,0.79,0.72,0.5,0.31,0.13,0.13,0.13,0.0,0.0,0.0,0.0,0.0,0.0,0.0,0.0,0.0,0.0,0.0"
37261,"0.88,0.63,0.42,0.16,0.04,0.01,0.0,0.0,0.0,0.0,0.0,0.0,0.0,0.0,0.0,0.0,0.0,0.0,0.0,0.0,0.0,0.0,0.0"
40248,"0.91,0.73,0.55,0.28,0.12,0.03,0.01,0.0,0.0,0.0,0.0,0.0,0.0,0.0,0.0,0.0,0.0,0.0,0.0,0.0,0.0,0.0,0.0"
6516,"1.0,1.0,0.99,0.98,0.97,0.95,0.93,0.85,0.76,0.63,0.63,0.63,0.11,0.01,0.01,0.0,0.0,0.0,0.0,0.0,0.0,0.0,0.0"
24532,"0.6,0.17,0.04,0.0,0.0,0.0,0.0,0.0,0.0,0.0,0.0,0.0,0.0,0.0,0.0,0.0,0.0,0.0,0.0,0.0,0.0,0.0,0.0"
23074,"0.87,0.62,0.42,0.16,0.04,0.0,0.0,0.0,0.0,0.0,0.0,0.0,0.0,0.0,0.0,0.0,0.0,0.0,0.0,0.0,0.0,0.0,0.0"
43077,"0.74,0.35,0.14,0.02,0.0,0.0,0.0,0.0,0.0,0.0,0.0,0.0,0.0,0.0,0.0,0.0,0.0,0.0,0.0,0.0,0.0,0.0,0.0"
24870,"0.93,0.77,0.62,0.36,0.18,0.05,0.02,0.0,0.0,0.0,0.0,0.0,0.0,0.0,0.0,0.0,0.0,0.0,0.0,0.0,0.0,0.0,0.0"
35412,"0.82,0.49,0.27,0.06,0.01,0.0,0.0,0.0,0.0,0.0,0.0,0.0,0.0,0.0,0.0,0.0,0.0,0.0,0.0,0.0,0.0,0.0,0.0"
563,"1.0,1.0,1.0,1.0,1.0,1.0,1.0,1.0,1.0,1.0,1.0,1.0,1.0,1.0,1.0,1.0,1.0,1.0,1.0,1.0,1.0,1.0,1.0"
8403,"1.0,1.0,0.99,0.99,0.98,0.96,0.95,0.89,0.82,0.71,0.71,0.71,0.19,0.03,0.03,0.0,0.0,0.0,0.0,0.0,0.0,0.0,0.0"
6753,"0.9,0.68,0.49,0.22,0.08,0.01,0.0,0.0,0.0,0.0,0.0,0.0,0.0,0.0,0.0,0.0,0.0,0.0,0.0,0.0,0.0,0.0,0.0"
580,"1.0,1.0,1.0,1.0,1.0,1.0,1.0,1.0,1.0,1.0,1.0,1.0,1.0,1.0,1.0,1.0,1.0,1.0,1.0,1.0,1.0,1.0,1.0"
3559,"0.54,0.11,0.02,0.0,0.0,0.0,0.0,0.0,0.0,0.0,0.0,0.0,0.0,0.0,0.0,0.0,0.0,0.0,0.0,0.0,0.0,0.0,0.0"
5299,"0.23,0.01,0.0,0.0,0.0,0.0,0.0,0.0,0.0,0.0,0.0,0.0,0.0,0.0,0.0,0.0,0.0,0.0,0.0,0.0,0.0,0.0,0.0"
24556,"1.0,1.0,1.0,1.0,1.0,1.0,1.0,1.0,1.0,1.0,1.0,1.0,1.0,1.0,1.0,1.0,1.0,1.0,1.0,1.0,1.0,1.0,1.0"
40721,"0.99,0.96,0.93,0.85,0.76,0.63,0.52,0.26,0.1,0.02,0.02,0.02,0.0,0.0,0.0,0.0,0.0,0.0,0.0,0.0,0.0,0.0,0.0"
5397,"0.98,0.92,0.86,0.72,0.57,0.39,0.26,0.06,0.01,0.0,0.0,0.0,0.0,0.0,0.0,0.0,0.0,0.0,0.0,0.0,0.0,0.0,0.0"
23880,"1.0,1.0,1.0,1.0,1.0,1.0,1.0,1.0,1.0,1.0,1.0,1.0,1.0,1.0,1.0,1.0,1.0,1.0,1.0,1.0,1.0,1.0,1.0"
244,"1.0,0.99,0.98,0.97,0.94,0.91,0.87,0.75,0.61,0.42,0.42,0.42,0.02,0.0,0.0,0.0,0.0,0.0,0.0,0.0,0.0,0.0,0.0"
7597,"1.0,1.0,1.0,0.99,0.99,0.98,0.97,0.95,0.91,0.85,0.85,0.85,0.47,0.19,0.19,0.0,0.0,0.0,0.0,0.0,0.0,0.0,0.0"
32304,"1.0,1.0,1.0,1.0,1.0,1.0,0.99,0.99,0.98,0.96,0.96,0.96,0.82,0.64,0.64,0.24,0.24,0.24,0.24,0.24,0.24,0.24,0.24"
1281,"1.0,1.0,0.99,0.99,0.98,0.97,0.95,0.91,0.85,0.75,0.75,0.75,0.25,0.05,0.05,0.0,0.0,0.0,0.0,0.0,0.0,0.0,0.0"
42211,"0.8,0.45,0.23,0.04,0.0,0.0,0.0,0.0,0.0,0.0,0.0,0.0,0.0,0.0,0.0,0.0,0.0,0.0,0.0,0.0,0.0,0.0,0.0"
33803,"0.37,0.03,0.0,0.0,0.0,0.0,0.0,0.0,0.0,0.0,0.0,0.0,0.0,0.0,0.0,0.0,0.0,0.0,0.0,0.0,0.0,0.0,0.0"
43318,"0.84,0.54,0.32,0.09,0.02,0.0,0.0,0.0,0.0,0.0,0.0,0.0,0.0,0.0,0.0,0.0,0.0,0.0,0.0,0.0,0.0,0.0,0.0"
41132,"0.94,0.79,0.65,0.4,0.21,0.07,0.02,0.0,0.0,0.0,0.0,0.0,0.0,0.0,0.0,0.0,0.0,0.0,0.0,0.0,0.0,0.0,0.0"
35560,"1.0,1.0,1.0,1.0,0.99,0.99,0.99,0.97,0.96,0.93,0.93,0.93,0.69,0.44,0.44,0.07,0.07,0.07,0.07,0.07,0.07,0.07,0.07"
29619,"0.94,0.81,0.68,0.44,0.25,0.1,0.04,0.0,0.0,0.0,0.0,0.0,0.0,0.0,0.0,0.0,0.0,0.0,0.0,0.0,0.0,0.0,0.0"
23945,"0.26,0.01,0.0,0.0,0.0,0.0,0.0,0.0,0.0,0.0,0.0,0.0,0.0,0.0,0.0,0.0,0.0,0.0,0.0,0.0,0.0,0.0,0.0"
42951,"0.95,0.83,0.7,0.47,0.28,0.11,0.05,0.0,0.0,0.0,0.0,0.0,0.0,0.0,0.0,0.0,0.0,0.0,0.0,0.0,0.0,0.0,0.0"
16446,"1.0,1.0,1.0,0.99,0.98,0.97,0.96,0.92,0.86,0.77,0.77,0.77,0.28,0.06,0.06,0.0,0.0,0.0,0.0,0.0,0.0,0.0,0.0"
33099,"1.0,1.0,1.0,1.0,1.0,1.0,1.0,1.0,1.0,1.0,1.0,1.0,0.99,0.99,0.99,0.96,0.96,0.96,0.96,0.96,0.96,0.96,0.96"
33607,"0.88,0.63,0.42,0.16,0.04,0.01,0.0,0.0,0.0,0.0,0.0,0.0,0.0,0.0,0.0,0.0,0.0,0.0,0.0,0.0,0.0,0.0,0.0"
8844,"0.35,0.03,0.0,0.0,0.0,0.0,0.0,0.0,0.0,0.0,0.0,0.0,0.0,0.0,0.0,0.0,0.0,0.0,0.0,0.0,0.0,0.0,0.0"
34925,"0.94,0.81,0.68,0.44,0.25,0.1,0.04,0.0,0.0,0.0,0.0,0.0,0.0,0.0,0.0,0.0,0.0,0.0,0.0,0.0,0.0,0.0,0.0"
40278,"0.99,0.96,0.93,0.86,0.77,0.64,0.53,0.27,0.1,0.02,0.02,0.02,0.0,0.0,0.0,0.0,0.0,0.0,0.0,0.0,0.0,0.0,0.0"
40920,"0.94,0.81,0.68,0.44,0.25,0.09,0.03,0.0,0.0,0.0,0.0,0.0,0.0,0.0,0.0,0.0,0.0,0.0,0.0,0.0,0.0,0.0,0.0"
34848,"0.83,0.51,0.29,0.07,0.01,0.0,0.0,0.0,0.0,0.0,0.0,0.0,0.0,0.0,0.0,0.0,0.0,0.0,0.0,0.0,0.0,0.0,0.0"
6618,"0.4,0.04,0.0,0.0,0.0,0.0,0.0,0.0,0.0,0.0,0.0,0.0,0.0,0.0,0.0,0.0,0.0,0.0,0.0,0.0,0.0,0.0,0.0"
37031,"1.0,1.0,1.0,1.0,1.0,1.0,1.0,1.0,1.0,1.0,1.0,1.0,1.0,1.0,1.0,1.0,1.0,1.0,1.0,1.0,1.0,1.0,1.0"
20255,"1.0,1.0,1.0,0.99,0.99,0.98,0.98,0.95,0.92,0.87,0.87,0.87,0.51,0.22,0.22,0.01,0.01,0.01,0.01,0.01,0.01,0.01,0.01"
29084,"1.0,1.0,1.0,1.0,1.0,1.0,1.0,1.0,1.0,1.0,1.0,1.0,0.99,0.98,0.98,0.93,0.93,0.93,0.93,0.93,0.93,0.93,0.93"
16048,"0.97,0.9,0.82,0.66,0.49,0.3,0.18,0.03,0.0,0.0,0.0,0.0,0.0,0.0,0.0,0.0,0.0,0.0,0.0,0.0,0.0,0.0,0.0"
14298,"0.87,0.6,0.39,0.14,0.03,0.0,0.0,0.0,0.0,0.0,0.0,0.0,0.0,0.0,0.0,0.0,0.0,0.0,0.0,0.0,0.0,0.0,0.0"
1647,"0.34,0.02,0.0,0.0,0.0,0.0,0.0,0.0,0.0,0.0,0.0,0.0,0.0,0.0,0.0,0.0,0.0,0.0,0.0,0.0,0.0,0.0,0.0"
38231,"1.0,1.0,1.0,1.0,1.0,1.0,1.0,1.0,1.0,1.0,1.0,1.0,1.0,1.0,1.0,1.0,1.0,1.0,1.0,1.0,1.0,1.0,1.0"
40715,"0.57,0.14,0.03,0.0,0.0,0.0,0.0,0.0,0.0,0.0,0.0,0.0,0.0,0.0,0.0,0.0,0.0,0.0,0.0,0.0,0.0,0.0,0.0"
14144,"0.64,0.21,0.06,0.0,0.0,0.0,0.0,0.0,0.0,0.0,0.0,0.0,0.0,0.0,0.0,0.0,0.0,0.0,0.0,0.0,0.0,0.0,0.0"
5210,"0.53,0.11,0.02,0.0,0.0,0.0,0.0,0.0,0.0,0.0,0.0,0.0,0.0,0.0,0.0,0.0,0.0,0.0,0.0,0.0,0.0,0.0,0.0"
25664,"0.89,0.66,0.47,0.2,0.06,0.01,0.0,0.0,0.0,0.0,0.0,0.0,0.0,0.0,0.0,0.0,0.0,0.0,0.0,0.0,0.0,0.0,0.0"
29413,"1.0,1.0,1.0,1.0,1.0,1.0,1.0,1.0,1.0,1.0,1.0,1.0,1.0,0.99,0.99,0.98,0.98,0.98,0.98,0.98,0.98,0.98,0.98"
24199,"0.38,0.03,0.0,0.0,0.0,0.0,0.0,0.0,0.0,0.0,0.0,0.0,0.0,0.0,0.0,0.0,0.0,0.0,0.0,0.0,0.0,0.0,0.0"
41119,"0.93,0.78,0.63,0.37,0.18,0.06,0.02,0.0,0.0,0.0,0.0,0.0,0.0,0.0,0.0,0.0,0.0,0.0,0.0,0.0,0.0,0.0,0.0"
32815,"1.0,1.0,1.0,1.0,1.0,1.0,1.0,1.0,1.0,1.0,1.0,1.0,1.0,1.0,1.0,0.98,0.98,0.98,0.98,0.98,0.98,0.98,0.98"
40275,"1.0,1.0,1.0,1.0,1.0,1.0,1.0,1.0,1.0,1.0,1.0,1.0,1.0,1.0,1.0,1.0,1.0,1.0,1.0,1.0,1.0,1.0,1.0"
29100,"0.99,0.98,0.97,0.93,0.89,0.81,0.75,0.55,0.36,0.17,0.17,0.17,0.0,0.0,0.0,0.0,0.0,0.0,0.0,0.0,0.0,0.0,0.0"
5396,"0.66,0.23,0.07,0.0,0.0,0.0,0.0,0.0,0.0,0.0,0.0,0.0,0.0,0.0,0.0,0.0,0.0,0.0,0.0,0.0,0.0,0.0,0.0"
7684,"0.95,0.85,0.74,0.53,0.33,0.16,0.07,0.0,0.0,0.0,0.0,0.0,0.0,0.0,0.0,0.0,0.0,0.0,0.0,0.0,0.0,0.0,0.0"
42396,"0.98,0.92,0.85,0.71,0.56,0.38,0.25,0.06,0.01,0.0,0.0,0.0,0.0,0.0,0.0,0.0,0.0,0.0,0.0,0.0,0.0,0.0,0.0"
40882,"0.99,0.97,0.94,0.88,0.8,0.69,0.58,0.33,0.15,0.04,0.04,0.04,0.0,0.0,0.0,0.0,0.0,0.0,0.0,0.0,0.0,0.0,0.0"
23142,"1.0,1.0,1.0,1.0,1.0,1.0,1.0,1.0,1.0,1.0,1.0,1.0,1.0,1.0,1.0,0.99,0.99,0.99,0.99,0.99,0.99,0.99,0.99"
40606,"0.76,0.38,0.17,0.02,0.0,0.0,0.0,0.0,0.0,0.0,0.0,0.0,0.0,0.0,0.0,0.0,0.0,0.0,0.0,0.0,0.0,0.0,0.0"
17790,"0.62,0.18,0.04,0.0,0.0,0.0,0.0,0.0,0.0,0.0,0.0,0.0,0.0,0.0,0.0,0.0,0.0,0.0,0.0,0.0,0.0,0.0,0.0"
1410,"0.52,0.1,0.02,0.0,0.0,0.0,0.0,0.0,0.0,0.0,0.0,0.0,0.0,0.0,0.0,0.0,0.0,0.0,0.0,0.0,0.0,0.0,0.0"
39936,"0.95,0.85,0.74,0.52,0.32,0.15,0.07,0.0,0.0,0.0,0.0,0.0,0.0,0.0,0.0,0.0,0.0,0.0,0.0,0.0,0.0,0.0,0.0"
2250,"0.88,0.64,0.44,0.17,0.05,0.01,0.0,0.0,0.0,0.0,0.0,0.0,0.0,0.0,0.0,0.0,0.0,0.0,0.0,0.0,0.0,0.0,0.0"
25012,"1.0,1.0,1.0,0.99,0.99,0.98,0.97,0.93,0.89,0.82,0.82,0.82,0.38,0.12,0.12,0.0,0.0,0.0,0.0,0.0,0.0,0.0,0.0"
128,"0.98,0.92,0.86,0.73,0.59,0.41,0.28,0.07,0.01,0.0,0.0,0.0,0.0,0.0,0.0,0.0,0.0,0.0,0.0,0.0,0.0,0.0,0.0"
42018,"0.98,0.93,0.87,0.75,0.6,0.43,0.3,0.08,0.01,0.0,0.0,0.0,0.0,0.0,0.0,0.0,0.0,0.0,0.0,0.0,0.0,0.0,0.0"
20500,"0.98,0.93,0.87,0.75,0.61,0.44,0.31,0.09,0.02,0.0,0.0,0.0,0.0,0.0,0.0,0.0,0.0,0.0,0.0,0.0,0.0,0.0,0.0"
26488,"0.74,0.34,0.14,0.01,0.0,0.0,0.0,0.0,0.0,0.0,0.0,0.0,0.0,0.0,0.0,0.0,0.0,0.0,0.0,0.0,0.0,0.0,0.0"
32655,"0.46,0.07,0.01,0.0,0.0,0.0,0.0,0.0,0.0,0.0,0.0,0.0,0.0,0.0,0.0,0.0,0.0,0.0,0.0,0.0,0.0,0.0,0.0"
36215,"1.0,1.0,1.0,1.0,1.0,1.0,1.0,0.99,0.99,0.99,0.99,0.99,0.93,0.85,0.85,0.59,0.59,0.59,0.59,0.59,0.59,0.59,0.59"
36307,"1.0,1.0,1.0,0.99,0.99,0.98,0.97,0.95,0.91,0.85,0.85,0.85,0.47,0.19,0.19,0.0,0.0,0.0,0.0,0.0,0.0,0.0,0.0"
3155,"0.9,0.69,0.5,0.23,0.08,0.01,0.0,0.0,0.0,0.0,0.0,0.0,0.0,0.0,0.0,0.0,0.0,0.0,0.0,0.0,0.0,0.0,0.0"
19184,"1.0,1.0,1.0,1.0,1.0,1.0,1.0,1.0,1.0,1.0,1.0,1.0,1.0,1.0,1.0,1.0,1.0,1.0,1.0,1.0,1.0,1.0,1.0"
39755,"0.97,0.91,0.84,0.69,0.53,0.34,0.22,0.04,0.0,0.0,0.0,0.0,0.0,0.0,0.0,0.0,0.0,0.0,0.0,0.0,0.0,0.0,0.0"
21160,"0.79,0.44,0.22,0.04,0.0,0.0,0.0,0.0,0.0,0.0,0.0,0.0,0.0,0.0,0.0,0.0,0.0,0.0,0.0,0.0,0.0,0.0,0.0"
41980,"0.99,0.95,0.92,0.83,0.72,0.58,0.46,0.2,0.07,0.01,0.01,0.01,0.0,0.0,0.0,0.0,0.0,0.0,0.0,0.0,0.0,0.0,0.0"
31472,"0.82,0.5,0.28,0.07,0.01,0.0,0.0,0.0,0.0,0.0,0.0,0.0,0.0,0.0,0.0,0.0,0.0,0.0,0.0,0.0,0.0,0.0,0.0"
8342,"0.92,0.75,0.58,0.32,0.14,0.04,0.01,0.0,0.0,0.0,0.0,0.0,0.0,0.0,0.0,0.0,0.0,0.0,0.0,0.0,0.0,0.0,0.0"
37808,"1.0,1.0,1.0,0.99,0.98,0.97,0.96,0.92,0.88,0.79,0.79,0.79,0.33,0.08,0.08,0.0,0.0,0.0,0.0,0.0,0.0,0.0,0.0"
36681,"0.99,0.98,0.97,0.93,0.88,0.81,0.74,0.54,0.35,0.16,0.16,0.16,0.0,0.0,0.0,0.0,0.0,0.0,0.0,0.0,0.0,0.0,0.0"
8195,"0.82,0.5,0.27,0.06,0.01,0.0,0.0,0.0,0.0,0.0,0.0,0.0,0.0,0.0,0.0,0.0,0.0,0.0,0.0,0.0,0.0,0.0,0.0"
3924,"0.89,0.67,0.48,0.21,0.07,0.01,0.0,0.0,0.0,0.0,0.0,0.0,0.0,0.0,0.0,0.0,0.0,0.0,0.0,0.0,0.0,0.0,0.0"
22838,"1.0,1.0,1.0,0.99,0.99,0.98,0.97,0.94,0.91,0.84,0.84,0.84,0.43,0.16,0.16,0.0,0.0,0.0,0.0,0.0,0.0,0.0,0.0"
39913,"0.58,0.15,0.03,0.0,0.0,0.0,0.0,0.0,0.0,0.0,0.0,0.0,0.0,0.0,0.0,0.0,0.0,0.0,0.0,0.0,0.0,0.0,0.0"
9521,"0.97,0.88,0.79,0.61,0.43,0.24,0.13,0.02,0.0,0.0,0.0,0.0,0.0,0.0,0.0,0.0,0.0,0.0,0.0,0.0,0.0,0.0,0.0"
10658,"0.99,0.95,0.91,0.82,0.71,0.57,0.45,0.19,0.06,0.01,0.01,0.01,0.0,0.0,0.0,0.0,0.0,0.0,0.0,0.0,0.0,0.0,0.0"
37344,"0.93,0.78,0.63,0.38,0.19,0.06,0.02,0.0,0.0,0.0,0.0,0.0,0.0,0.0,0.0,0.0,0.0,0.0,0.0,0.0,0.0,0.0,0.0"
32091,"1.0,1.0,1.0,1.0,1.0,1.0,1.0,1.0,0.99,0.99,0.99,0.99,0.96,0.9,0.9,0.72,0.72,0.72,0.72,0.72,0.72,0.72,0.72"
39061,"0.23,0.01,0.0,0.0,0.0,0.0,0.0,0.0,0.0,0.0,0.0,0.0,0.0,0.0,0.0,0.0,0.0,0.0,0.0,0.0,0.0,0.0,0.0"
14084,"0.99,0.98,0.96,0.92,0.86,0.77,0.69,0.47,0.28,0.11,0.11,0.11,0.0,0.0,0.0,0.0,0.0,0.0,0.0,0.0,0.0,0.0,0.0"
40264,"0.96,0.88,0.78,0.59,0.41,0.22,0.12,0.01,0.0,0.0,0.0,0.0,0.0,0.0,0.0,0.0,0.0,0.0,0.0,0.0,0.0,0.0,0.0"
29442,"1.0,1.0,1.0,1.0,1.0,1.0,1.0,1.0,1.0,1.0,1.0,1.0,1.0,1.0,1.0,1.0,1.0,1.0,1.0,1.0,1.0,1.0,1.0"
6108,"0.78,0.42,0.21,0.03,0.0,0.0,0.0,0.0,0.0,0.0,0.0,0.0,0.0,0.0,0.0,0.0,0.0,0.0,0.0,0.0,0.0,0.0,0.0"
35389,"0.98,0.93,0.87,0.75,0.6,0.43,0.3,0.08,0.01,0.0,0.0,0.0,0.0,0.0,0.0,0.0,0.0,0.0,0.0,0.0,0.0,0.0,0.0"
3908,"0.85,0.57,0.35,0.11,0.02,0.0,0.0,0.0,0.0,0.0,0.0,0.0,0.0,0.0,0.0,0.0,0.0,0.0,0.0,0.0,0.0,0.0,0.0"
14867,"0.93,0.77,0.62,0.36,0.18,0.05,0.02,0.0,0.0,0.0,0.0,0.0,0.0,0.0,0.0,0.0,0.0,0.0,0.0,0.0,0.0,0.0,0.0"
19391,"1.0,0.99,0.98,0.97,0.94,0.91,0.87,0.75,0.61,0.43,0.43,0.43,0.02,0.0,0.0,0.0,0.0,0.0,0.0,0.0,0.0,0.0,0.0"
33397,"0.99,0.97,0.95,0.89,0.82,0.72,0.62,0.38,0.19,0.06,0.06,0.06,0.0,0.0,0.0,0.0,0.0,0.0,0.0,0.0,0.0,0.0,0.0"
38114,"0.99,0.98,0.97,0.93,0.89,0.81,0.75,0.55,0.36,0.17,0.17,0.17,0.0,0.0,0.0,0.0,0.0,0.0,0.0,0.0,0.0,0.0,0.0"
37870,"1.0,0.99,0.98,0.97,0.95,0.91,0.87,0.76,0.63,0.44,0.44,0.44,0.02,0.0,0.0,0.0,0.0,0.0,0.0,0.0,0.0,0.0,0.0"
26455,"0.75,0.36,0.15,0.02,0.0,0.0,0.0,0.0,0.0,0.0,0.0,0.0,0.0,0.0,0.0,0.0,0.0,0.0,0.0,0.0,0.0,0.0,0.0"
40681,"0.98,0.93,0.87,0.74,0.6,0.42,0.29,0.08,0.01,0.0,0.0,0.0,0.0,0.0,0.0,0.0,0.0,0.0,0.0,0.0,0.0,0.0,0.0"
26229,"0.96,0.85,0.74,0.53,0.34,0.16,0.07,0.0,0.0,0.0,0.0,0.0,0.0,0.0,0.0,0.0,0.0,0.0,0.0,0.0,0.0,0.0,0.0"
14118,"0.95,0.84,0.72,0.5,0.31,0.14,0.06,0.0,0.0,0.0,0.0,0.0,0.0,0.0,0.0,0.0,0.0,0.0,0.0,0.0,0.0,0.0,0.0"
28445,"1.0,1.0,1.0,1.0,1.0,1.0,1.0,1.0,1.0,1.0,1.0,1.0,1.0,1.0,1.0,1.0,1.0,1.0,1.0,1.0,1.0,1.0,1.0"
26209,"0.43,0.05,0.0,0.0,0.0,0.0,0.0,0.0,0.0,0.0,0.0,0.0,0.0,0.0,0.0,0.0,0.0,0.0,0.0,0.0,0.0,0.0,0.0"
38830,"1.0,0.99,0.98,0.97,0.94,0.9,0.86,0.74,0.6,0.41,0.41,0.41,0.01,0.0,0.0,0.0,0.0,0.0,0.0,0.0,0.0,0.0,0.0"
12755,"1.0,1.0,1.0,1.0,1.0,1.0,1.0,1.0,1.0,1.0,1.0,1.0,0.99,0.98,0.98,0.94,0.94,0.94,0.94,0.94,0.94,0.94,0.94"
11107,"0.84,0.54,0.32,0.09,0.02,0.0,0.0,0.0,0.0,0.0,0.0,0.0,0.0,0.0,0.0,0.0,0.0,0.0,0.0,0.0,0.0,0.0,0.0"
37716,"0.97,0.9,0.83,0.67,0.51,0.32,0.2,0.04,0.0,0.0,0.0,0.0,0.0,0.0,0.0,0.0,0.0,0.0,0.0,0.0,0.0,0.0,0.0"
24544,"1.0,1.0,1.0,1.0,1.0,1.0,1.0,1.0,1.0,1.0,1.0,1.0,1.0,1.0,1.0,1.0,1.0,1.0,1.0,1.0,1.0,1.0,1.0"
32807,"1.0,1.0,1.0,1.0,1.0,1.0,1.0,1.0,1.0,1.0,1.0,1.0,1.0,1.0,1.0,1.0,1.0,1.0,1.0,1.0,1.0,1.0,1.0"
14870,"1.0,0.99,0.98,0.95,0.92,0.87,0.81,0.65,0.48,0.28,0.28,0.28,0.0,0.0,0.0,0.0,0.0,0.0,0.0,0.0,0.0,0.0,0.0"
1715,"1.0,1.0,1.0,0.99,0.98,0.97,0.96,0.92,0.88,0.79,0.79,0.79,0.33,0.08,0.08,0.0,0.0,0.0,0.0,0.0,0.0,0.0,0.0"
28823,"1.0,1.0,1.0,1.0,1.0,1.0,1.0,1.0,1.0,1.0,1.0,1.0,0.99,0.98,0.98,0.94,0.94,0.94,0.94,0.94,0.94,0.94,0.94"
22187,"1.0,0.99,0.98,0.96,0.94,0.9,0.86,0.73,0.59,0.4,0.4,0.4,0.01,0.0,0.0,0.0,0.0,0.0,0.0,0.0,0.0,0.0,0.0"
32852,"0.92,0.74,0.58,0.31,0.14,0.03,0.01,0.0,0.0,0.0,0.0,0.0,0.0,0.0,0.0,0.0,0.0,0.0,0.0,0.0,0.0,0.0,0.0"
1237,"1.0,1.0,0.99,0.99,0.97,0.96,0.94,0.88,0.81,0.69,0.69,0.69,0.17,0.02,0.02,0.0,0.0,0.0,0.0,0.0,0.0,0.0,0.0"
32255,"1.0,1.0,1.0,1.0,0.99,0.99,0.98,0.96,0.94,0.9,0.9,0.9,0.59,0.31,0.31,0.02,0.02,0.02,0.02,0.02,0.02,0.02,0.02"
5705,"0.95,0.84,0.72,0.5,0.3,0.13,0.06,0.0,0.0,0.0,0.0,0.0,0.0,0.0,0.0,0.0,0.0,0.0,0.0,0.0,0.0,0.0,0.0"
43362,"0.95,0.84,0.73,0.51,0.32,0.14,0.06,0.0,0.0,0.0,0.0,0.0,0.0,0.0,0.0,0.0,0.0,0.0,0.0,0.0,0.0,0.0,0.0"
27936,"0.89,0.66,0.46,0.19,0.06,0.01,0.0,0.0,0.0,0.0,0.0,0.0,0.0,0.0,0.0,0.0,0.0,0.0,0.0,0.0,0.0,0.0,0.0"
24631,"1.0,1.0,1.0,1.0,1.0,1.0,1.0,1.0,1.0,1.0,1.0,1.0,1.0,1.0,1.0,1.0,1.0,1.0,1.0,1.0,1.0,1.0,1.0"
35132,"1.0,1.0,1.0,1.0,1.0,1.0,1.0,1.0,1.0,0.99,0.99,0.99,0.96,0.92,0.92,0.75,0.75,0.75,0.75,0.75,0.75,0.75,0.75"
6732,"0.36,0.03,0.0,0.0,0.0,0.0,0.0,0.0,0.0,0.0,0.0,0.0,0.0,0.0,0.0,0.0,0.0,0.0,0.0,0.0,0.0,0.0,0.0"
23905,"1.0,1.0,1.0,0.99,0.99,0.98,0.97,0.95,0.91,0.85,0.85,0.85,0.45,0.17,0.17,0.0,0.0,0.0,0.0,0.0,0.0,0.0,0.0"
12608,"0.95,0.84,0.73,0.5,0.31,0.14,0.06,0.0,0.0,0.0,0.0,0.0,0.0,0.0,0.0,0.0,0.0,0.0,0.0,0.0,0.0,0.0,0.0"
12355,"0.75,0.36,0.15,0.02,0.0,0.0,0.0,0.0,0.0,0.0,0.0,0.0,0.0,0.0,0.0,0.0,0.0,0.0,0.0,0.0,0.0,0.0,0.0"
39861,"0.98,0.92,0.86,0.72,0.57,0.39,0.26,0.06,0.01,0.0,0.0,0.0,0.0,0.0,0.0,0.0,0.0,0.0,0.0,0.0,0.0,0.0,0.0"
3373,"1.0,1.0,0.99,0.99,0.98,0.96,0.95,0.89,0.83,0.72,0.72,0.72,0.2,0.03,0.03,0.0,0.0,0.0,0.0,0.0,0.0,0.0,0.0"
5251,"0.89,0.67,0.48,0.21,0.07,0.01,0.0,0.0,0.0,0.0,0.0,0.0,0.0,0.0,0.0,0.0,0.0,0.0,0.0,0.0,0.0,0.0,0.0"
38283,"0.99,0.97,0.95,0.9,0.83,0.73,0.64,0.4,0.21,0.06,0.06,0.06,0.0,0.0,0.0,0.0,0.0,0.0,0.0,0.0,0.0,0.0,0.0"
4781,"1.0,1.0,1.0,1.0,1.0,1.0,1.0,0.99,0.99,0.98,0.98,0.98,0.91,0.82,0.82,0.52,0.52,0.52,0.52,0.52,0.52,0.52,0.52"
11184,"0.71,0.31,0.11,0.01,0.0,0.0,0.0,0.0,0.0,0.0,0.0,0.0,0.0,0.0,0.0,0.0,0.0,0.0,0.0,0.0,0.0,0.0,0.0"
26391,"1.0,1.0,1.0,1.0,1.0,1.0,1.0,1.0,1.0,1.0,1.0,1.0,1.0,0.99,0.99,0.98,0.98,0.98,0.98,0.98,0.98,0.98,0.98"
32215,"0.59,0.15,0.03,0.0,0.0,0.0,0.0,0.0,0.0,0.0,0.0,0.0,0.0,0.0,0.0,0.0,0.0,0.0,0.0,0.0,0.0,0.0,0.0"
37062,"0.56,0.13,0.02,0.0,0.0,0.0,0.0,0.0,0.0,0.0,0.0,0.0,0.0,0.0,0.0,0.0,0.0,0.0,0.0,0.0,0.0,0.0,0.0"
35927,"1.0,1.0,1.0,1.0,1.0,1.0,1.0,1.0,1.0,1.0,1.0,1.0,1.0,1.0,1.0,1.0,1.0,1.0,1.0,1.0,1.0,1.0,1.0"
40685,"0.99,0.95,0.91,0.81,0.7,0.55,0.43,0.17,0.05,0.01,0.01,0.01,0.0,0.0,0.0,0.0,0.0,0.0,0.0,0.0,0.0,0.0,0.0"
37752,"1.0,0.99,0.98,0.96,0.94,0.9,0.86,0.74,0.59,0.4,0.4,0.4,0.01,0.0,0.0,0.0,0.0,0.0,0.0,0.0,0.0,0.0,0.0"
38145,"1.0,1.0,1.0,1.0,1.0,1.0,1.0,1.0,1.0,1.0,1.0,1.0,1.0,1.0,1.0,1.0,1.0,1.0,1.0,1.0,1.0,1.0,1.0"
36486,"0.89,0.67,0.47,0.2,0.06,0.01,0.0,0.0,0.0,0.0,0.0,0.0,0.0,0.0,0.0,0.0,0.0,0.0,0.0,0.0,0.0,0.0,0.0"
21302,"0.81,0.49,0.26,0.06,0.01,0.0,0.0,0.0,0.0,0.0,0.0,0.0,0.0,0.0,0.0,0.0,0.0,0.0,0.0,0.0,0.0,0.0,0.0"
8188,"0.96,0.87,0.77,0.57,0.39,0.2,0.1,0.01,0.0,0.0,0.0,0.0,0.0,0.0,0.0,0.0,0.0,0.0,0.0,0.0,0.0,0.0,0.0"
38167,"1.0,1.0,0.99,0.99,0.97,0.96,0.94,0.88,0.81,0.69,0.69,0.69,0.16,0.02,0.02,0.0,0.0,0.0,0.0,0.0,0.0,0.0,0.0"
40118,"0.97,0.9,0.82,0.66,0.49,0.3,0.18,0.03,0.0,0.0,0.0,0.0,0.0,0.0,0.0,0.0,0.0,0.0,0.0,0.0,0.0,0.0,0.0"
29289,"0.95,0.84,0.72,0.5,0.3,0.13,0.06,0.0,0.0,0.0,0.0,0.0,0.0,0.0,0.0,0.0,0.0,0.0,0.0,0.0,0.0,0.0,0.0"
32837,"0.94,0.81,0.68,0.44,0.25,0.1,0.04,0.0,0.0,0.0,0.0,0.0,0.0,0.0,0.0,0.0,0.0,0.0,0.0,0.0,0.0,0.0,0.0"
36172,"1.0,1.0,1.0,1.0,0.99,0.99,0.98,0.96,0.94,0.9,0.9,0.9,0.6,0.32,0.32,0.02,0.02,0.02,0.02,0.02,0.02,0.02,0.02"
20197,"0.97,0.88,0.79,0.61,0.43,0.24,0.13,0.02,0.0,0.0,0.0,0.0,0.0,0.0,0.0,0.0,0.0,0.0,0.0,0.0,0.0,0.0,0.0"
37797,"1.0,0.99,0.99,0.98,0.96,0.94,0.91,0.83,0.73,0.58,0.58,0.58,0.07,0.0,0.0,0.0,0.0,0.0,0.0,0.0,0.0,0.0,0.0"
634,"0.99,0.96,0.92,0.84,0.75,0.61,0.5,0.24,0.09,0.01,0.01,0.01,0.0,0.0,0.0,0.0,0.0,0.0,0.0,0.0,0.0,0.0,0.0"
33795,"0.96,0.86,0.76,0.56,0.37,0.18,0.09,0.01,0.0,0.0,0.0,0.0,0.0,0.0,0.0,0.0,0.0,0.0,0.0,0.0,0.0,0.0,0.0"
21192,"0.95,0.84,0.73,0.51,0.31,0.14,0.06,0.0,0.0,0.0,0.0,0.0,0.0,0.0,0.0,0.0,0.0,0.0,0.0,0.0,0.0,0.0,0.0"
29032,"0.77,0.4,0.19,0.03,0.0,0.0,0.0,0.0,0.0,0.0,0.0,0.0,0.0,0.0,0.0,0.0,0.0,0.0,0.0,0.0,0.0,0.0,0.0"
37859,"0.98,0.94,0.9,0.79,0.67,0.52,0.39,0.14,0.04,0.0,0.0,0.0,0.0,0.0,0.0,0.0,0.0,0.0,0.0,0.0,0.0,0.0,0.0"
39488,"0.99,0.96,0.93,0.85,0.76,0.63,0.52,0.26,0.1,0.02,0.02,0.02,0.0,0.0,0.0,0.0,0.0,0.0,0.0,0.0,0.0,0.0,0.0"
32629,"0.98,0.95,0.9,0.81,0.69,0.54,0.41,0.16,0.04,0.0,0.0,0.0,0.0,0.0,0.0,0.0,0.0,0.0,0.0,0.0,0.0,0.0,0.0"
1469,"1.0,1.0,1.0,1.0,1.0,1.0,1.0,1.0,1.0,1.0,1.0,1.0,1.0,1.0,1.0,0.99,0.99,0.99,0.99,0.99,0.99,0.99,0.99"
33140,"0.96,0.87,0.77,0.57,0.38,0.19,0.1,0.01,0.0,0.0,0.0,0.0,0.0,0.0,0.0,0.0,0.0,0.0,0.0,0.0,0.0,0.0,0.0"
29904,"1.0,1.0,1.0,1.0,1.0,1.0,1.0,1.0,1.0,1.0,1.0,1.0,0.98,0.96,0.96,0.87,0.87,0.87,0.87,0.87,0.87,0.87,0.87"
8906,"0.75,0.37,0.16,0.02,0.0,0.0,0.0,0.0,0.0,0.0,0.0,0.0,0.0,0.0,0.0,0.0,0.0,0.0,0.0,0.0,0.0,0.0,0.0"
36217,"0.95,0.84,0.73,0.51,0.31,0.14,0.06,0.0,0.0,0.0,0.0,0.0,0.0,0.0,0.0,0.0,0.0,0.0,0.0,0.0,0.0,0.0,0.0"
32858,"1.0,1.0,1.0,1.0,1.0,1.0,1.0,1.0,1.0,1.0,1.0,1.0,1.0,0.99,0.99,0.98,0.98,0.98,0.98,0.98,0.98,0.98,0.98"
14020,"1.0,0.99,0.99,0.98,0.96,0.93,0.9,0.81,0.7,0.53,0.53,0.53,0.05,0.0,0.0,0.0,0.0,0.0,0.0,0.0,0.0,0.0,0.0"
20182,"0.94,0.79,0.65,0.4,0.2,0.07,0.02,0.0,0.0,0.0,0.0,0.0,0.0,0.0,0.0,0.0,0.0,0.0,0.0,0.0,0.0,0.0,0.0"
40554,"1.0,0.99,0.98,0.95,0.91,0.86,0.81,0.64,0.47,0.27,0.27,0.27,0.0,0.0,0.0,0.0,0.0,0.0,0.0,0.0,0.0,0.0,0.0"
8795,"0.93,0.78,0.63,0.38,0.19,0.06,0.02,0.0,0.0,0.0,0.0,0.0,0.0,0.0,0.0,0.0,0.0,0.0,0.0,0.0,0.0,0.0,0.0"
29241,"1.0,1.0,1.0,1.0,1.0,1.0,1.0,1.0,1.0,1.0,1.0,1.0,0.99,0.97,0.97,0.91,0.91,0.91,0.91,0.91,0.91,0.91,0.91"
24440,"0.98,0.92,0.86,0.73,0.58,0.4,0.27,0.07,0.01,0.0,0.0,0.0,0.0,0.0,0.0,0.0,0.0,0.0,0.0,0.0,0.0,0.0,0.0"
12856,"1.0,1.0,1.0,1.0,1.0,1.0,1.0,1.0,1.0,1.0,1.0,1.0,1.0,0.99,0.99,0.98,0.98,0.98,0.98,0.98,0.98,0.98,0.98"
6911,"0.8,0.45,0.23,0.04,0.0,0.0,0.0,0.0,0.0,0.0,0.0,0.0,0.0,0.0,0.0,0.0,0.0,0.0,0.0,0.0,0.0,0.0,0.0"
25137,"0.7,0.28,0.1,0.01,0.0,0.0,0.0,0.0,0.0,0.0,0.0,0.0,0.0,0.0,0.0,0.0,0.0,0.0,0.0,0.0,0.0,0.0,0.0"
35818,"1.0,1.0,1.0,1.0,1.0,1.0,1.0,1.0,1.0,1.0,1.0,1.0,1.0,1.0,1.0,1.0,1.0,1.0,1.0,1.0,1.0,1.0,1.0"
35139,"1.0,0.99,0.98,0.97,0.95,0.91,0.87,0.76,0.62,0.44,0.44,0.44,0.02,0.0,0.0,0.0,0.0,0.0,0.0,0.0,0.0,0.0,0.0"
35342,"1.0,1.0,1.0,1.0,1.0,0.99,0.99,0.98,0.96,0.93,0.93,0.93,0.7,0.46,0.46,0.08,0.08,0.08,0.08,0.08,0.08,0.08,0.08"
966,"1.0,1.0,1.0,1.0,1.0,1.0,1.0,1.0,1.0,1.0,1.0,1.0,0.99,0.99,0.99,0.96,0.96,0.96,0.96,0.96,0.96,0.96,0.96"
39886,"0.96,0.88,0.79,0.61,0.43,0.24,0.13,0.01,0.0,0.0,0.0,0.0,0.0,0.0,0.0,0.0,0.0,0.0,0.0,0.0,0.0,0.0,0.0"
29952,"1.0,1.0,0.99,0.99,0.97,0.96,0.94,0.88,0.8,0.68,0.68,0.68,0.16,0.02,0.02,0.0,0.0,0.0,0.0,0.0,0.0,0.0,0.0"
7139,"1.0,0.99,0.98,0.97,0.94,0.9,0.86,0.74,0.6,0.41,0.41,0.41,0.01,0.0,0.0,0.0,0.0,0.0,0.0,0.0,0.0,0.0,0.0"
2093,"0.98,0.92,0.87,0.73,0.59,0.41,0.28,0.07,0.01,0.0,0.0,0.0,0.0,0.0,0.0,0.0,0.0,0.0,0.0,0.0,0.0,0.0,0.0"
31881,"1.0,0.99,0.97,0.95,0.91,0.85,0.8,0.63,0.45,0.25,0.25,0.25,0.0,0.0,0.0,0.0,0.0,0.0,0.0,0.0,0.0,0.0,0.0"
28784,"1.0,1.0,1.0,1.0,1.0,1.0,1.0,1.0,1.0,1.0,1.0,1.0,1.0,1.0,1.0,0.99,0.99,0.99,0.99,0.99,0.99,0.99,0.99"
40443,"0.97,0.9,0.83,0.67,0.5,0.31,0.19,0.03,0.0,0.0,0.0,0.0,0.0,0.0,0.0,0.0,0.0,0.0,0.0,0.0,0.0,0.0,0.0"
37095,"1.0,0.98,0.97,0.94,0.9,0.83,0.77,0.59,0.4,0.21,0.21,0.21,0.0,0.0,0.0,0.0,0.0,0.0,0.0,0.0,0.0,0.0,0.0"
40222,"0.99,0.96,0.93,0.85,0.76,0.63,0.51,0.25,0.1,0.02,0.02,0.02,0.0,0.0,0.0,0.0,0.0,0.0,0.0,0.0,0.0,0.0,0.0"
18353,"0.81,0.47,0.25,0.05,0.01,0.0,0.0,0.0,0.0,0.0,0.0,0.0,0.0,0.0,0.0,0.0,0.0,0.0,0.0,0.0,0.0,0.0,0.0"
30250,"0.92,0.73,0.57,0.3,0.12,0.03,0.01,0.0,0.0,0.0,0.0,0.0,0.0,0.0,0.0,0.0,0.0,0.0,0.0,0.0,0.0,0.0,0.0"
3332,"0.93,0.78,0.63,0.37,0.18,0.06,0.02,0.0,0.0,0.0,0.0,0.0,0.0,0.0,0.0,0.0,0.0,0.0,0.0,0.0,0.0,0.0,0.0"
7068,"1.0,1.0,1.0,1.0,1.0,1.0,1.0,1.0,1.0,1.0,1.0,1.0,1.0,1.0,1.0,0.98,0.98,0.98,0.98,0.98,0.98,0.98,0.98"
29000,"1.0,1.0,1.0,1.0,1.0,1.0,1.0,1.0,1.0,1.0,1.0,1.0,1.0,1.0,1.0,0.99,0.99,0.99,0.99,0.99,0.99,0.99,0.99"
1189,"1.0,1.0,1.0,0.99,0.98,0.97,0.96,0.92,0.86,0.77,0.77,0.77,0.29,0.06,0.06,0.0,0.0,0.0,0.0,0.0,0.0,0.0,0.0"
27807,"0.96,0.87,0.77,0.57,0.39,0.2,0.1,0.01,0.0,0.0,0.0,0.0,0.0,0.0,0.0,0.0,0.0,0.0,0.0,0.0,0.0,0.0,0.0"
15205,"0.99,0.96,0.92,0.84,0.74,0.6,0.48,0.22,0.08,0.01,0.01,0.01,0.0,0.0,0.0,0.0,0.0,0.0,0.0,0.0,0.0,0.0,0.0"
33039,"0.77,0.4,0.18,0.03,0.0,0.0,0.0,0.0,0.0,0.0,0.0,0.0,0.0,0.0,0.0,0.0,0.0,0.0,0.0,0.0,0.0,0.0,0.0"
27743,"0.88,0.63,0.43,0.16,0.04,0.01,0.0,0.0,0.0,0.0,0.0,0.0,0.0,0.0,0.0,0.0,0.0,0.0,0.0,0.0,0.0,0.0,0.0"
43167,"0.92,0.75,0.59,0.32,0.14,0.04,0.01,0.0,0.0,0.0,0.0,0.0,0.0,0.0,0.0,0.0,0.0,0.0,0.0,0.0,0.0,0.0,0.0"
25931,"1.0,1.0,1.0,0.99,0.99,0.98,0.98,0.95,0.92,0.87,0.87,0.87,0.52,0.23,0.23,0.01,0.01,0.01,0.01,0.01,0.01,0.01,0.01"
31519,"0.99,0.96,0.93,0.86,0.77,0.65,0.54,0.28,0.11,0.02,0.02,0.02,0.0,0.0,0.0,0.0,0.0,0.0,0.0,0.0,0.0,0.0,0.0"
32147,"1.0,1.0,1.0,1.0,1.0,1.0,1.0,0.99,0.99,0.98,0.98,0.98,0.9,0.8,0.8,0.48,0.48,0.48,0.48,0.48,0.48,0.48,0.48"
32920,"1.0,1.0,1.0,1.0,1.0,1.0,1.0,1.0,1.0,1.0,1.0,1.0,0.99,0.98,0.98,0.92,0.92,0.92,0.92,0.92,0.92,0.92,0.92"
36434,"0.55,0.12,0.02,0.0,0.0,0.0,0.0,0.0,0.0,0.0,0.0,0.0,0.0,0.0,0.0,0.0,0.0,0.0,0.0,0.0,0.0,0.0,0.0"
39613,"0.96,0.87,0.78,0.59,0.4,0.22,0.11,0.01,0.0,0.0,0.0,0.0,0.0,0.0,0.0,0.0,0.0,0.0,0.0,0.0,0.0,0.0,0.0"
40983,"1.0,1.0,1.0,1.0,1.0,1.0,1.0,1.0,1.0,1.0,1.0,1.0,1.0,1.0,1.0,1.0,1.0,1.0,1.0,1.0,1.0,1.0,1.0"
3991,"1.0,1.0,1.0,1.0,1.0,1.0,1.0,1.0,1.0,0.99,0.99,0.99,0.96,0.91,0.91,0.74,0.74,0.74,0.74,0.74,0.74,0.74,0.74"
31406,"0.92,0.74,0.57,0.3,0.13,0.03,0.01,0.0,0.0,0.0,0.0,0.0,0.0,0.0,0.0,0.0,0.0,0.0,0.0,0.0,0.0,0.0,0.0"
39754,"0.97,0.89,0.81,0.64,0.47,0.28,0.16,0.02,0.0,0.0,0.0,0.0,0.0,0.0,0.0,0.0,0.0,0.0,0.0,0.0,0.0,0.0,0.0"
9988,"1.0,1.0,1.0,1.0,1.0,1.0,1.0,1.0,1.0,1.0,1.0,1.0,0.98,0.95,0.95,0.85,0.85,0.85,0.85,0.85,0.85,0.85,0.85"
14153,"1.0,1.0,1.0,1.0,1.0,1.0,1.0,1.0,1.0,1.0,1.0,1.0,0.99,0.97,0.97,0.92,0.92,0.92,0.92,0.92,0.92,0.92,0.92"
33197,"1.0,1.0,1.0,1.0,1.0,1.0,1.0,1.0,1.0,1.0,1.0,1.0,0.98,0.96,0.96,0.88,0.88,0.88,0.88,0.88,0.88,0.88,0.88"
39393,"0.64,0.21,0.06,0.0,0.0,0.0,0.0,0.0,0.0,0.0,0.0,0.0,0.0,0.0,0.0,0.0,0.0,0.0,0.0,0.0,0.0,0.0,0.0"
41781,"1.0,1.0,1.0,1.0,1.0,1.0,1.0,1.0,1.0,1.0,1.0,1.0,1.0,1.0,1.0,1.0,1.0,1.0,1.0,1.0,1.0,1.0,1.0"
3433,"0.45,0.06,0.01,0.0,0.0,0.0,0.0,0.0,0.0,0.0,0.0,0.0,0.0,0.0,0.0,0.0,0.0,0.0,0.0,0.0,0.0,0.0,0.0"
39760,"0.92,0.76,0.6,0.34,0.16,0.04,0.01,0.0,0.0,0.0,0.0,0.0,0.0,0.0,0.0,0.0,0.0,0.0,0.0,0.0,0.0,0.0,0.0"
6616,"1.0,1.0,1.0,1.0,1.0,1.0,1.0,1.0,1.0,1.0,1.0,1.0,1.0,1.0,1.0,1.0,1.0,1.0,1.0,1.0,1.0,1.0,1.0"
39851,"0.97,0.91,0.84,0.69,0.53,0.35,0.22,0.04,0.01,0.0,0.0,0.0,0.0,0.0,0.0,0.0,0.0,0.0,0.0,0.0,0.0,0.0,0.0"
28676,"0.86,0.58,0.37,0.12,0.03,0.0,0.0,0.0,0.0,0.0,0.0,0.0,0.0,0.0,0.0,0.0,0.0,0.0,0.0,0.0,0.0,0.0,0.0"
35829,"1.0,1.0,1.0,1.0,1.0,1.0,0.99,0.99,0.98,0.97,0.97,0.97,0.85,0.71,0.71,0.32,0.32,0.32,0.32,0.32,0.32,0.32,0.32"
26567,"0.69,0.27,0.09,0.01,0.0,0.0,0.0,0.0,0.0,0.0,0.0,0.0,0.0,0.0,0.0,0.0,0.0,0.0,0.0,0.0,0.0,0.0,0.0"
37157,"0.57,0.14,0.03,0.0,0.0,0.0,0.0,0.0,0.0,0.0,0.0,0.0,0.0,0.0,0.0,0.0,0.0,0.0,0.0,0.0,0.0,0.0,0.0"
38078,"0.96,0.86,0.76,0.55,0.36,0.18,0.09,0.01,0.0,0.0,0.0,0.0,0.0,0.0,0.0,0.0,0.0,0.0,0.0,0.0,0.0,0.0,0.0"
21218,"0.58,0.14,0.03,0.0,0.0,0.0,0.0,0.0,0.0,0.0,0.0,0.0,0.0,0.0,0.0,0.0,0.0,0.0,0.0,0.0,0.0,0.0,0.0"
12737,"1.0,0.99,0.98,0.96,0.93,0.88,0.83,0.68,0.52,0.32,0.32,0.32,0.0,0.0,0.0,0.0,0.0,0.0,0.0,0.0,0.0,0.0,0.0"
9524,"0.66,0.24,0.07,0.0,0.0,0.0,0.0,0.0,0.0,0.0,0.0,0.0,0.0,0.0,0.0,0.0,0.0,0.0,0.0,0.0,0.0,0.0,0.0"
25819,"1.0,1.0,1.0,1.0,1.0,1.0,0.99,0.99,0.98,0.97,0.97,0.97,0.86,0.72,0.72,0.34,0.34,0.34,0.34,0.34,0.34,0.34,0.34"
13690,"1.0,1.0,1.0,1.0,1.0,1.0,1.0,1.0,1.0,1.0,1.0,1.0,1.0,1.0,1.0,1.0,1.0,1.0,1.0,1.0,1.0,1.0,1.0"
26211,"0.81,0.48,0.26,0.06,0.01,0.0,0.0,0.0,0.0,0.0,0.0,0.0,0.0,0.0,0.0,0.0,0.0,0.0,0.0,0.0,0.0,0.0,0.0"
29849,"0.95,0.84,0.73,0.51,0.32,0.14,0.06,0.0,0.0,0.0,0.0,0.0,0.0,0.0,0.0,0.0,0.0,0.0,0.0,0.0,0.0,0.0,0.0"
37521,"0.99,0.97,0.94,0.88,0.8,0.69,0.59,0.34,0.16,0.04,0.04,0.04,0.0,0.0,0.0,0.0,0.0,0.0,0.0,0.0,0.0,0.0,0.0"
29694,"0.82,0.5,0.28,0.07,0.01,0.0,0.0,0.0,0.0,0.0,0.0,0.0,0.0,0.0,0.0,0.0,0.0,0.0,0.0,0.0,0.0,0.0,0.0"
41857,"1.0,1.0,1.0,1.0,1.0,1.0,1.0,1.0,1.0,1.0,1.0,1.0,1.0,1.0,1.0,1.0,1.0,1.0,1.0,1.0,1.0,1.0,1.0"
5092,"0.92,0.73,0.56,0.3,0.12,0.03,0.01,0.0,0.0,0.0,0.0,0.0,0.0,0.0,0.0,0.0,0.0,0.0,0.0,0.0,0.0,0.0,0.0"
32589,"1.0,1.0,1.0,1.0,1.0,1.0,1.0,1.0,1.0,1.0,1.0,1.0,1.0,1.0,1.0,1.0,1.0,1.0,1.0,1.0,1.0,1.0,1.0"
34830,"0.57,0.14,0.03,0.0,0.0,0.0,0.0,0.0,0.0,0.0,0.0,0.0,0.0,0.0,0.0,0.0,0.0,0.0,0.0,0.0,0.0,0.0,0.0"
43910,"0.93,0.78,0.63,0.37,0.19,0.06,0.02,0.0,0.0,0.0,0.0,0.0,0.0,0.0,0.0,0.0,0.0,0.0,0.0,0.0,0.0,0.0,0.0"
32773,"1.0,1.0,0.99,0.99,0.98,0.96,0.95,0.89,0.82,0.71,0.71,0.71,0.2,0.03,0.03,0.0,0.0,0.0,0.0,0.0,0.0,0.0,0.0"
31388,"0.87,0.6,0.4,0.14,0.03,0.0,0.0,0.0,0.0,0.0,0.0,0.0,0.0,0.0,0.0,0.0,0.0,0.0,0.0,0.0,0.0,0.0,0.0"
15627,"0.73,0.34,0.14,0.01,0.0,0.0,0.0,0.0,0.0,0.0,0.0,0.0,0.0,0.0,0.0,0.0,0.0,0.0,0.0,0.0,0.0,0.0,0.0"
37605,"1.0,1.0,1.0,1.0,0.99,0.99,0.99,0.97,0.95,0.92,0.92,0.92,0.66,0.4,0.4,0.05,0.05,0.05,0.05,0.05,0.05,0.05,0.05"
35195,"1.0,1.0,0.99,0.99,0.98,0.96,0.95,0.9,0.83,0.72,0.72,0.72,0.21,0.03,0.03,0.0,0.0,0.0,0.0,0.0,0.0,0.0,0.0"
37416,"1.0,1.0,1.0,1.0,1.0,1.0,1.0,1.0,1.0,1.0,1.0,1.0,1.0,1.0,1.0,1.0,1.0,1.0,1.0,1.0,1.0,1.0,1.0"
40626,"0.99,0.95,0.91,0.82,0.71,0.56,0.44,0.18,0.05,0.01,0.01,0.01,0.0,0.0,0.0,0.0,0.0,0.0,0.0,0.0,0.0,0.0,0.0"
19668,"0.88,0.64,0.44,0.18,0.05,0.01,0.0,0.0,0.0,0.0,0.0,0.0,0.0,0.0,0.0,0.0,0.0,0.0,0.0,0.0,0.0,0.0,0.0"
10177,"0.74,0.34,0.14,0.01,0.0,0.0,0.0,0.0,0.0,0.0,0.0,0.0,0.0,0.0,0.0,0.0,0.0,0.0,0.0,0.0,0.0,0.0,0.0"
10517,"0.88,0.64,0.43,0.17,0.05,0.01,0.0,0.0,0.0,0.0,0.0,0.0,0.0,0.0,0.0,0.0,0.0,0.0,0.0,0.0,0.0,0.0,0.0"
1336,"0.15,0.0,0.0,0.0,0.0,0.0,0.0,0.0,0.0,0.0,0.0,0.0,0.0,0.0,0.0,0.0,0.0,0.0,0.0,0.0,0.0,0.0,0.0"
33398,"1.0,0.98,0.97,0.94,0.9,0.84,0.78,0.59,0.41,0.21,0.21,0.21,0.0,0.0,0.0,0.0,0.0,0.0,0.0,0.0,0.0,0.0,0.0"
36513,"1.0,0.99,0.99,0.97,0.95,0.92,0.88,0.77,0.64,0.46,0.46,0.46,0.02,0.0,0.0,0.0,0.0,0.0,0.0,0.0,0.0,0.0,0.0"
40825,"0.98,0.94,0.9,0.79,0.67,0.51,0.38,0.14,0.03,0.0,0.0,0.0,0.0,0.0,0.0,0.0,0.0,0.0,0.0,0.0,0.0,0.0,0.0"
3757,"0.64,0.21,0.06,0.0,0.0,0.0,0.0,0.0,0.0,0.0,0.0,0.0,0.0,0.0,0.0,0.0,0.0,0.0,0.0,0.0,0.0,0.0,0.0"
10641,"0.15,0.0,0.0,0.0,0.0,0.0,0.0,0.0,0.0,0.0,0.0,0.0,0.0,0.0,0.0,0.0,0.0,0.0,0.0,0.0,0.0,0.0,0.0"
41567,"0.95,0.83,0.71,0.48,0.29,0.12,0.05,0.0,0.0,0.0,0.0,0.0,0.0,0.0,0.0,0.0,0.0,0.0,0.0,0.0,0.0,0.0,0.0"
23779,"1.0,1.0,0.99,0.98,0.97,0.96,0.94,0.88,0.8,0.68,0.68,0.68,0.16,0.02,0.02,0.0,0.0,0.0,0.0,0.0,0.0,0.0,0.0"
326,"0.65,0.22,0.06,0.0,0.0,0.0,0.0,0.0,0.0,0.0,0.0,0.0,0.0,0.0,0.0,0.0,0.0,0.0,0.0,0.0,0.0,0.0,0.0"
37900,"0.98,0.92,0.85,0.71,0.56,0.38,0.25,0.06,0.01,0.0,0.0,0.0,0.0,0.0,0.0,0.0,0.0,0.0,0.0,0.0,0.0,0.0,0.0"
1726,"0.89,0.67,0.48,0.21,0.07,0.01,0.0,0.0,0.0,0.0,0.0,0.0,0.0,0.0,0.0,0.0,0.0,0.0,0.0,0.0,0.0,0.0,0.0"
3858,"0.93,0.79,0.64,0.39,0.2,0.07,0.02,0.0,0.0,0.0,0.0,0.0,0.0,0.0,0.0,0.0,0.0,0.0,0.0,0.0,0.0,0.0,0.0"
28739,"1.0,1.0,1.0,1.0,1.0,1.0,1.0,1.0,1.0,1.0,1.0,1.0,1.0,1.0,1.0,1.0,1.0,1.0,1.0,1.0,1.0,1.0,1.0"
35877,"1.0,1.0,1.0,1.0,1.0,1.0,1.0,1.0,1.0,1.0,1.0,1.0,1.0,1.0,1.0,1.0,1.0,1.0,1.0,1.0,1.0,1.0,1.0"
32735,"1.0,1.0,1.0,1.0,1.0,1.0,1.0,1.0,1.0,0.99,0.99,0.99,0.97,0.94,0.94,0.81,0.81,0.81,0.81,0.81,0.81,0.81,0.81"
35972,"1.0,1.0,1.0,1.0,1.0,1.0,1.0,1.0,1.0,1.0,1.0,1.0,1.0,1.0,1.0,1.0,1.0,1.0,1.0,1.0,1.0,1.0,1.0"
35386,"0.87,0.62,0.41,0.15,0.04,0.0,0.0,0.0,0.0,0.0,0.0,0.0,0.0,0.0,0.0,0.0,0.0,0.0,0.0,0.0,0.0,0.0,0.0"
26156,"0.8,0.46,0.24,0.05,0.01,0.0,0.0,0.0,0.0,0.0,0.0,0.0,0.0,0.0,0.0,0.0,0.0,0.0,0.0,0.0,0.0,0.0,0.0"
8796,"1.0,1.0,1.0,1.0,1.0,1.0,1.0,1.0,1.0,1.0,1.0,1.0,1.0,1.0,1.0,0.99,0.99,0.99,0.99,0.99,0.99,0.99,0.99"
26482,"0.71,0.29,0.1,0.01,0.0,0.0,0.0,0.0,0.0,0.0,0.0,0.0,0.0,0.0,0.0,0.0,0.0,0.0,0.0,0.0,0.0,0.0,0.0"
19476,"1.0,1.0,1.0,1.0,1.0,1.0,1.0,1.0,1.0,1.0,1.0,1.0,1.0,1.0,1.0,0.99,0.99,0.99,0.99,0.99,0.99,0.99,0.99"
31497,"1.0,1.0,1.0,0.99,0.98,0.97,0.96,0.92,0.87,0.78,0.78,0.78,0.31,0.07,0.07,0.0,0.0,0.0,0.0,0.0,0.0,0.0,0.0"
6078,"1.0,1.0,0.99,0.99,0.97,0.96,0.94,0.88,0.81,0.69,0.69,0.69,0.17,0.02,0.02,0.0,0.0,0.0,0.0,0.0,0.0,0.0,0.0"
9622,"0.86,0.59,0.38,0.13,0.03,0.0,0.0,0.0,0.0,0.0,0.0,0.0,0.0,0.0,0.0,0.0,0.0,0.0,0.0,0.0,0.0,0.0,0.0"
21969,"0.91,0.73,0.56,0.29,0.12,0.03,0.01,0.0,0.0,0.0,0.0,0.0,0.0,0.0,0.0,0.0,0.0,0.0,0.0,0.0,0.0,0.0,0.0"
38722,"1.0,1.0,0.99,0.99,0.97,0.96,0.94,0.88,0.81,0.69,0.69,0.69,0.16,0.02,0.02,0.0,0.0,0.0,0.0,0.0,0.0,0.0,0.0"
28062,"1.0,1.0,1.0,1.0,1.0,1.0,1.0,1.0,1.0,1.0,1.0,1.0,1.0,1.0,1.0,0.99,0.99,0.99,0.99,0.99,0.99,0.99,0.99"
2429,"0.72,0.32,0.12,0.01,0.0,0.0,0.0,0.0,0.0,0.0,0.0,0.0,0.0,0.0,0.0,0.0,0.0,0.0,0.0,0.0,0.0,0.0,0.0"
12777,"0.89,0.65,0.46,0.19,0.06,0.01,0.0,0.0,0.0,0.0,0.0,0.0,0.0,0.0,0.0,0.0,0.0,0.0,0.0,0.0,0.0,0.0,0.0"
35713,"1.0,1.0,1.0,1.0,1.0,1.0,1.0,0.99,0.99,0.98,0.98,0.98,0.89,0.77,0.77,0.42,0.42,0.42,0.42,0.42,0.42,0.42,0.42"
3362,"0.99,0.96,0.93,0.86,0.78,0.66,0.55,0.29,0.12,0.03,0.03,0.03,0.0,0.0,0.0,0.0,0.0,0.0,0.0,0.0,0.0,0.0,0.0"
16925,"0.87,0.62,0.41,0.15,0.04,0.0,0.0,0.0,0.0,0.0,0.0,0.0,0.0,0.0,0.0,0.0,0.0,0.0,0.0,0.0,0.0,0.0,0.0"
25550,"1.0,1.0,1.0,1.0,1.0,1.0,1.0,1.0,1.0,1.0,1.0,1.0,1.0,1.0,1.0,1.0,1.0,1.0,1.0,1.0,1.0,1.0,1.0"
26650,"1.0,1.0,1.0,1.0,1.0,1.0,1.0,1.0,1.0,1.0,1.0,1.0,1.0,1.0,1.0,1.0,1.0,1.0,1.0,1.0,1.0,1.0,1.0"
29758,"1.0,1.0,1.0,1.0,0.99,0.99,0.98,0.97,0.94,0.9,0.9,0.9,0.6,0.33,0.33,0.03,0.03,0.03,0.03,0.03,0.03,0.03,0.03"
40391,"0.99,0.96,0.93,0.85,0.75,0.62,0.51,0.25,0.09,0.02,0.02,0.02,0.0,0.0,0.0,0.0,0.0,0.0,0.0,0.0,0.0,0.0,0.0"
40739,"0.93,0.77,0.62,0.36,0.17,0.05,0.01,0.0,0.0,0.0,0.0,0.0,0.0,0.0,0.0,0.0,0.0,0.0,0.0,0.0,0.0,0.0,0.0"
27389,"0.9,0.68,0.49,0.22,0.08,0.01,0.0,0.0,0.0,0.0,0.0,0.0,0.0,0.0,0.0,0.0,0.0,0.0,0.0,0.0,0.0,0.0,0.0"
36953,"1.0,0.99,0.99,0.97,0.95,0.92,0.89,0.79,0.67,0.5,0.5,0.5,0.03,0.0,0.0,0.0,0.0,0.0,0.0,0.0,0.0,0.0,0.0"
2432,"0.93,0.77,0.62,0.36,0.18,0.05,0.02,0.0,0.0,0.0,0.0,0.0,0.0,0.0,0.0,0.0,0.0,0.0,0.0,0.0,0.0,0.0,0.0"
12154,"1.0,1.0,1.0,0.99,0.99,0.98,0.97,0.94,0.9,0.83,0.83,0.83,0.41,0.14,0.14,0.0,0.0,0.0,0.0,0.0,0.0,0.0,0.0"
29038,"1.0,1.0,1.0,1.0,1.0,1.0,1.0,1.0,1.0,1.0,1.0,1.0,1.0,1.0,1.0,1.0,1.0,1.0,1.0,1.0,1.0,1.0,1.0"
20988,"0.97,0.9,0.82,0.66,0.49,0.3,0.18,0.03,0.0,0.0,0.0,0.0,0.0,0.0,0.0,0.0,0.0,0.0,0.0,0.0,0.0,0.0,0.0"
7487,"0.73,0.34,0.14,0.01,0.0,0.0,0.0,0.0,0.0,0.0,0.0,0.0,0.0,0.0,0.0,0.0,0.0,0.0,0.0,0.0,0.0,0.0,0.0"
37186,"0.43,0.05,0.0,0.0,0.0,0.0,0.0,0.0,0.0,0.0,0.0,0.0,0.0,0.0,0.0,0.0,0.0,0.0,0.0,0.0,0.0,0.0,0.0"
19852,"0.86,0.58,0.37,0.12,0.03,0.0,0.0,0.0,0.0,0.0,0.0,0.0,0.0,0.0,0.0,0.0,0.0,0.0,0.0,0.0,0.0,0.0,0.0"
37455,"1.0,1.0,1.0,1.0,1.0,1.0,1.0,1.0,1.0,1.0,1.0,1.0,1.0,1.0,1.0,1.0,1.0,1.0,1.0,1.0,1.0,1.0,1.0"
35449,"1.0,1.0,1.0,0.99,0.99,0.98,0.98,0.95,0.92,0.87,0.87,0.87,0.51,0.23,0.23,0.01,0.01,0.01,0.01,0.01,0.01,0.01,0.01"
20671,"0.87,0.61,0.4,0.14,0.03,0.0,0.0,0.0,0.0,0.0,0.0,0.0,0.0,0.0,0.0,0.0,0.0,0.0,0.0,0.0,0.0,0.0,0.0"
11745,"0.8,0.45,0.23,0.04,0.0,0.0,0.0,0.0,0.0,0.0,0.0,0.0,0.0,0.0,0.0,0.0,0.0,0.0,0.0,0.0,0.0,0.0,0.0"
33789,"1.0,1.0,1.0,1.0,0.99,0.99,0.98,0.96,0.94,0.89,0.89,0.89,0.58,0.3,0.3,0.02,0.02,0.02,0.02,0.02,0.02,0.02,0.02"
3624,"0.85,0.57,0.35,0.11,0.02,0.0,0.0,0.0,0.0,0.0,0.0,0.0,0.0,0.0,0.0,0.0,0.0,0.0,0.0,0.0,0.0,0.0,0.0"
12469,"0.95,0.84,0.72,0.5,0.3,0.13,0.06,0.0,0.0,0.0,0.0,0.0,0.0,0.0,0.0,0.0,0.0,0.0,0.0,0.0,0.0,0.0,0.0"
36528,"0.95,0.84,0.73,0.51,0.32,0.15,0.07,0.0,0.0,0.0,0.0,0.0,0.0,0.0,0.0,0.0,0.0,0.0,0.0,0.0,0.0,0.0,0.0"
16935,"0.57,0.14,0.03,0.0,0.0,0.0,0.0,0.0,0.0,0.0,0.0,0.0,0.0,0.0,0.0,0.0,0.0,0.0,0.0,0.0,0.0,0.0,0.0"
30828,"1.0,1.0,1.0,1.0,1.0,1.0,1.0,1.0,1.0,1.0,1.0,1.0,1.0,1.0,1.0,1.0,1.0,1.0,1.0,1.0,1.0,1.0,1.0"
38311,"1.0,1.0,0.99,0.98,0.97,0.95,0.93,0.86,0.77,0.63,0.63,0.63,0.11,0.01,0.01,0.0,0.0,0.0,0.0,0.0,0.0,0.0,0.0"
33392,"1.0,1.0,1.0,1.0,1.0,1.0,1.0,1.0,1.0,0.99,0.99,0.99,0.97,0.94,0.94,0.83,0.83,0.83,0.83,0.83,0.83,0.83,0.83"
16489,"0.52,0.1,0.01,0.0,0.0,0.0,0.0,0.0,0.0,0.0,0.0,0.0,0.0,0.0,0.0,0.0,0.0,0.0,0.0,0.0,0.0,0.0,0.0"
12575,"1.0,1.0,1.0,1.0,1.0,1.0,1.0,1.0,1.0,1.0,1.0,1.0,1.0,0.99,0.99,0.98,0.98,0.98,0.98,0.98,0.98,0.98,0.98"
23859,"1.0,1.0,1.0,1.0,1.0,1.0,1.0,1.0,1.0,1.0,1.0,1.0,1.0,1.0,1.0,1.0,1.0,1.0,1.0,1.0,1.0,1.0,1.0"
40085,"0.96,0.87,0.77,0.58,0.39,0.21,0.11,0.01,0.0,0.0,0.0,0.0,0.0,0.0,0.0,0.0,0.0,0.0,0.0,0.0,0.0,0.0,0.0"
29967,"0.98,0.93,0.87,0.75,0.61,0.44,0.31,0.09,0.02,0.0,0.0,0.0,0.0,0.0,0.0,0.0,0.0,0.0,0.0,0.0,0.0,0.0,0.0"
1205,"0.54,0.12,0.02,0.0,0.0,0.0,0.0,0.0,0.0,0.0,0.0,0.0,0.0,0.0,0.0,0.0,0.0,0.0,0.0,0.0,0.0,0.0,0.0"
19432,"0.96,0.87,0.78,0.58,0.4,0.21,0.11,0.01,0.0,0.0,0.0,0.0,0.0,0.0,0.0,0.0,0.0,0.0,0.0,0.0,0.0,0.0,0.0"
4286,"0.96,0.88,0.79,0.6,0.42,0.23,0.13,0.01,0.0,0.0,0.0,0.0,0.0,0.0,0.0,0.0,0.0,0.0,0.0,0.0,0.0,0.0,0.0"
7114,"0.47,0.07,0.01,0.0,0.0,0.0,0.0,0.0,0.0,0.0,0.0,0.0,0.0,0.0,0.0,0.0,0.0,0.0,0.0,0.0,0.0,0.0,0.0"
40308,"0.95,0.84,0.72,0.5,0.3,0.13,0.06,0.0,0.0,0.0,0.0,0.0,0.0,0.0,0.0,0.0,0.0,0.0,0.0,0.0,0.0,0.0,0.0"
36449,"1.0,1.0,1.0,1.0,1.0,1.0,0.99,0.99,0.98,0.97,0.97,0.97,0.86,0.71,0.71,0.33,0.33,0.33,0.33,0.33,0.33,0.33,0.33"
36154,"0.87,0.61,0.4,0.15,0.04,0.0,0.0,0.0,0.0,0.0,0.0,0.0,0.0,0.0,0.0,0.0,0.0,0.0,0.0,0.0,0.0,0.0,0.0"
40235,"0.98,0.93,0.87,0.74,0.6,0.42,0.29,0.08,0.01,0.0,0.0,0.0,0.0,0.0,0.0,0.0,0.0,0.0,0.0,0.0,0.0,0.0,0.0"
16883,"0.96,0.87,0.78,0.58,0.4,0.21,0.11,0.01,0.0,0.0,0.0,0.0,0.0,0.0,0.0,0.0,0.0,0.0,0.0,0.0,0.0,0.0,0.0"
40832,"0.91,0.72,0.55,0.28,0.11,0.03,0.01,0.0,0.0,0.0,0.0,0.0,0.0,0.0,0.0,0.0,0.0,0.0,0.0,0.0,0.0,0.0,0.0"
974,"0.77,0.4,0.18,0.03,0.0,0.0,0.0,0.0,0.0,0.0,0.0,0.0,0.0,0.0,0.0,0.0,0.0,0.0,0.0,0.0,0.0,0.0,0.0"
14803,"0.8,0.45,0.23,0.04,0.0,0.0,0.0,0.0,0.0,0.0,0.0,0.0,0.0,0.0,0.0,0.0,0.0,0.0,0.0,0.0,0.0,0.0,0.0"
32899,"1.0,1.0,1.0,1.0,1.0,1.0,1.0,1.0,1.0,1.0,1.0,1.0,1.0,1.0,1.0,1.0,1.0,1.0,1.0,1.0,1.0,1.0,1.0"
35991,"0.89,0.67,0.48,0.21,0.07,0.01,0.0,0.0,0.0,0.0,0.0,0.0,0.0,0.0,0.0,0.0,0.0,0.0,0.0,0.0,0.0,0.0,0.0"
35849,"0.99,0.98,0.96,0.93,0.88,0.8,0.73,0.52,0.33,0.15,0.15,0.15,0.0,0.0,0.0,0.0,0.0,0.0,0.0,0.0,0.0,0.0,0.0"
20301,"0.26,0.01,0.0,0.0,0.0,0.0,0.0,0.0,0.0,0.0,0.0,0.0,0.0,0.0,0.0,0.0,0.0,0.0,0.0,0.0,0.0,0.0,0.0"
33810,"0.99,0.98,0.96,0.93,0.88,0.8,0.73,0.52,0.33,0.14,0.14,0.14,0.0,0.0,0.0,0.0,0.0,0.0,0.0,0.0,0.0,0.0,0.0"
3555,"0.49,0.08,0.01,0.0,0.0,0.0,0.0,0.0,0.0,0.0,0.0,0.0,0.0,0.0,0.0,0.0,0.0,0.0,0.0,0.0,0.0,0.0,0.0"
28962,"1.0,1.0,1.0,1.0,1.0,0.99,0.99,0.98,0.97,0.94,0.94,0.94,0.76,0.54,0.54,0.13,0.13,0.13,0.13,0.13,0.13,0.13,0.13"
38111,"0.97,0.89,0.8,0.63,0.45,0.26,0.15,0.02,0.0,0.0,0.0,0.0,0.0,0.0,0.0,0.0,0.0,0.0,0.0,0.0,0.0,0.0,0.0"
25017,"0.71,0.3,0.11,0.01,0.0,0.0,0.0,0.0,0.0,0.0,0.0,0.0,0.0,0.0,0.0,0.0,0.0,0.0,0.0,0.0,0.0,0.0,0.0"
27978,"0.97,0.88,0.8,0.61,0.43,0.24,0.13,0.02,0.0,0.0,0.0,0.0,0.0,0.0,0.0,0.0,0.0,0.0,0.0,0.0,0.0,0.0,0.0"
37305,"1.0,0.99,0.98,0.96,0.94,0.9,0.86,0.73,0.59,0.39,0.39,0.39,0.01,0.0,0.0,0.0,0.0,0.0,0.0,0.0,0.0,0.0,0.0"
11531,"0.9,0.68,0.49,0.22,0.08,0.01,0.0,0.0,0.0,0.0,0.0,0.0,0.0,0.0,0.0,0.0,0.0,0.0,0.0,0.0,0.0,0.0,0.0"
39620,"0.99,0.96,0.92,0.85,0.75,0.62,0.5,0.24,0.09,0.01,0.01,0.01,0.0,0.0,0.0,0.0,0.0,0.0,0.0,0.0,0.0,0.0,0.0"
32778,"0.64,0.21,0.06,0.0,0.0,0.0,0.0,0.0,0.0,0.0,0.0,0.0,0.0,0.0,0.0,0.0,0.0,0.0,0.0,0.0,0.0,0.0,0.0"
29151,"1.0,1.0,1.0,1.0,1.0,1.0,1.0,1.0,1.0,1.0,1.0,1.0,1.0,1.0,1.0,1.0,1.0,1.0,1.0,1.0,1.0,1.0,1.0"
37828,"1.0,1.0,1.0,1.0,1.0,1.0,1.0,1.0,1.0,1.0,1.0,1.0,1.0,1.0,1.0,1.0,1.0,1.0,1.0,1.0,1.0,1.0,1.0"
10104,"0.69,0.28,0.09,0.01,0.0,0.0,0.0,0.0,0.0,0.0,0.0,0.0,0.0,0.0,0.0,0.0,0.0,0.0,0.0,0.0,0.0,0.0,0.0"
37042,"1.0,1.0,1.0,1.0,1.0,1.0,1.0,1.0,1.0,1.0,1.0,1.0,1.0,1.0,1.0,1.0,1.0,1.0,1.0,1.0,1.0,1.0,1.0"
33410,"1.0,1.0,1.0,1.0,1.0,1.0,1.0,1.0,0.99,0.99,0.99,0.99,0.95,0.9,0.9,0.7,0.7,0.7,0.7,0.7,0.7,0.7,0.7"
22988,"0.98,0.94,0.89,0.79,0.66,0.5,0.37,0.13,0.03,0.0,0.0,0.0,0.0,0.0,0.0,0.0,0.0,0.0,0.0,0.0,0.0,0.0,0.0"
33277,"1.0,1.0,1.0,1.0,1.0,1.0,1.0,1.0,1.0,1.0,1.0,1.0,1.0,1.0,1.0,1.0,1.0,1.0,1.0,1.0,1.0,1.0,1.0"
40813,"0.97,0.89,0.81,0.64,0.47,0.28,0.16,0.02,0.0,0.0,0.0,0.0,0.0,0.0,0.0,0.0,0.0,0.0,0.0,0.0,0.0,0.0,0.0"
39242,"1.0,1.0,1.0,1.0,1.0,1.0,1.0,1.0,1.0,1.0,1.0,1.0,1.0,1.0,1.0,1.0,1.0,1.0,1.0,1.0,1.0,1.0,1.0"
16339,"0.92,0.74,0.58,0.31,0.13,0.03,0.01,0.0,0.0,0.0,0.0,0.0,0.0,0.0,0.0,0.0,0.0,0.0,0.0,0.0,0.0,0.0,0.0"
30292,"1.0,1.0,1.0,1.0,1.0,1.0,1.0,1.0,1.0,1.0,1.0,1.0,1.0,0.99,0.99,0.97,0.97,0.97,0.97,0.97,0.97,0.97,0.97"
19586,"0.92,0.74,0.58,0.31,0.13,0.03,0.01,0.0,0.0,0.0,0.0,0.0,0.0,0.0,0.0,0.0,0.0,0.0,0.0,0.0,0.0,0.0,0.0"
37842,"1.0,1.0,0.99,0.98,0.97,0.95,0.93,0.85,0.76,0.62,0.62,0.62,0.1,0.01,0.01,0.0,0.0,0.0,0.0,0.0,0.0,0.0,0.0"
11740,"1.0,1.0,1.0,0.99,0.99,0.98,0.97,0.95,0.91,0.85,0.85,0.85,0.47,0.18,0.18,0.0,0.0,0.0,0.0,0.0,0.0,0.0,0.0"
29655,"0.98,0.94,0.89,0.77,0.64,0.48,0.35,0.11,0.02,0.0,0.0,0.0,0.0,0.0,0.0,0.0,0.0,0.0,0.0,0.0,0.0,0.0,0.0"
40158,"0.95,0.84,0.73,0.51,0.32,0.14,0.06,0.0,0.0,0.0,0.0,0.0,0.0,0.0,0.0,0.0,0.0,0.0,0.0,0.0,0.0,0.0,0.0"
43203,"0.94,0.8,0.66,0.41,0.21,0.07,0.02,0.0,0.0,0.0,0.0,0.0,0.0,0.0,0.0,0.0,0.0,0.0,0.0,0.0,0.0,0.0,0.0"
17215,"0.85,0.57,0.36,0.11,0.02,0.0,0.0,0.0,0.0,0.0,0.0,0.0,0.0,0.0,0.0,0.0,0.0,0.0,0.0,0.0,0.0,0.0,0.0"
26763,"0.82,0.5,0.28,0.07,0.01,0.0,0.0,0.0,0.0,0.0,0.0,0.0,0.0,0.0,0.0,0.0,0.0,0.0,0.0,0.0,0.0,0.0,0.0"
11696,"0.32,0.02,0.0,0.0,0.0,0.0,0.0,0.0,0.0,0.0,0.0,0.0,0.0,0.0,0.0,0.0,0.0,0.0,0.0,0.0,0.0,0.0,0.0"
1340,"1.0,1.0,1.0,1.0,1.0,1.0,1.0,1.0,1.0,1.0,1.0,1.0,1.0,1.0,1.0,0.99,0.99,0.99,0.99,0.99,0.99,0.99,0.99"
32,"1.0,1.0,1.0,1.0,1.0,1.0,1.0,1.0,1.0,0.99,0.99,0.99,0.97,0.94,0.94,0.81,0.81,0.81,0.81,0.81,0.81,0.81,0.81"
5424,"0.85,0.56,0.35,0.1,0.02,0.0,0.0,0.0,0.0,0.0,0.0,0.0,0.0,0.0,0.0,0.0,0.0,0.0,0.0,0.0,0.0,0.0,0.0"
30080,"0.64,0.21,0.06,0.0,0.0,0.0,0.0,0.0,0.0,0.0,0.0,0.0,0.0,0.0,0.0,0.0,0.0,0.0,0.0,0.0,0.0,0.0,0.0"
28151,"1.0,0.99,0.97,0.95,0.91,0.85,0.8,0.63,0.45,0.25,0.25,0.25,0.0,0.0,0.0,0.0,0.0,0.0,0.0,0.0,0.0,0.0,0.0"
25956,"1.0,1.0,1.0,1.0,1.0,1.0,1.0,1.0,1.0,1.0,1.0,1.0,1.0,1.0,1.0,1.0,1.0,1.0,1.0,1.0,1.0,1.0,1.0"
39133,"1.0,1.0,1.0,1.0,1.0,1.0,1.0,1.0,1.0,1.0,1.0,1.0,1.0,1.0,1.0,1.0,1.0,1.0,1.0,1.0,1.0,1.0,1.0"
9888,"0.79,0.44,0.22,0.04,0.0,0.0,0.0,0.0,0.0,0.0,0.0,0.0,0.0,0.0,0.0,0.0,0.0,0.0,0.0,0.0,0.0,0.0,0.0"
44013,"0.91,0.71,0.54,0.27,0.1,0.02,0.0,0.0,0.0,0.0,0.0,0.0,0.0,0.0,0.0,0.0,0.0,0.0,0.0,0.0,0.0,0.0,0.0"
35327,"0.95,0.84,0.73,0.51,0.31,0.14,0.06,0.0,0.0,0.0,0.0,0.0,0.0,0.0,0.0,0.0,0.0,0.0,0.0,0.0,0.0,0.0,0.0"
41949,"0.96,0.87,0.78,0.58,0.4,0.21,0.11,0.01,0.0,0.0,0.0,0.0,0.0,0.0,0.0,0.0,0.0,0.0,0.0,0.0,0.0,0.0,0.0"
37277,"1.0,1.0,0.99,0.98,0.97,0.95,0.92,0.85,0.76,0.61,0.61,0.61,0.1,0.01,0.01,0.0,0.0,0.0,0.0,0.0,0.0,0.0,0.0"
32393,"1.0,1.0,1.0,1.0,1.0,1.0,1.0,1.0,1.0,1.0,1.0,1.0,0.99,0.98,0.98,0.92,0.92,0.92,0.92,0.92,0.92,0.92,0.92"
15789,"1.0,1.0,1.0,1.0,1.0,1.0,1.0,1.0,1.0,1.0,1.0,1.0,1.0,1.0,1.0,1.0,1.0,1.0,1.0,1.0,1.0,1.0,1.0"
10725,"0.9,0.68,0.5,0.22,0.08,0.01,0.0,0.0,0.0,0.0,0.0,0.0,0.0,0.0,0.0,0.0,0.0,0.0,0.0,0.0,0.0,0.0,0.0"
32114,"0.4,0.04,0.0,0.0,0.0,0.0,0.0,0.0,0.0,0.0,0.0,0.0,0.0,0.0,0.0,0.0,0.0,0.0,0.0,0.0,0.0,0.0,0.0"
29547,"1.0,1.0,1.0,1.0,1.0,1.0,1.0,1.0,1.0,1.0,1.0,1.0,0.99,0.98,0.98,0.93,0.93,0.93,0.93,0.93,0.93,0.93,0.93"
34362,"1.0,1.0,1.0,1.0,1.0,1.0,1.0,1.0,1.0,1.0,1.0,1.0,1.0,1.0,1.0,1.0,1.0,1.0,1.0,1.0,1.0,1.0,1.0"
8824,"0.88,0.65,0.45,0.18,0.05,0.01,0.0,0.0,0.0,0.0,0.0,0.0,0.0,0.0,0.0,0.0,0.0,0.0,0.0,0.0,0.0,0.0,0.0"
21966,"0.56,0.13,0.02,0.0,0.0,0.0,0.0,0.0,0.0,0.0,0.0,0.0,0.0,0.0,0.0,0.0,0.0,0.0,0.0,0.0,0.0,0.0,0.0"
29454,"1.0,1.0,1.0,1.0,1.0,1.0,1.0,1.0,1.0,1.0,1.0,1.0,1.0,1.0,1.0,1.0,1.0,1.0,1.0,1.0,1.0,1.0,1.0"
1247,"1.0,1.0,1.0,1.0,1.0,1.0,1.0,1.0,1.0,0.99,0.99,0.99,0.96,0.91,0.91,0.74,0.74,0.74,0.74,0.74,0.74,0.74,0.74"
20982,"0.94,0.81,0.68,0.45,0.25,0.1,0.04,0.0,0.0,0.0,0.0,0.0,0.0,0.0,0.0,0.0,0.0,0.0,0.0,0.0,0.0,0.0,0.0"
19269,"1.0,1.0,1.0,1.0,1.0,1.0,1.0,1.0,1.0,1.0,1.0,1.0,1.0,1.0,1.0,1.0,1.0,1.0,1.0,1.0,1.0,1.0,1.0"
14945,"0.85,0.57,0.36,0.11,0.02,0.0,0.0,0.0,0.0,0.0,0.0,0.0,0.0,0.0,0.0,0.0,0.0,0.0,0.0,0.0,0.0,0.0,0.0"
37902,"0.99,0.98,0.97,0.93,0.88,0.81,0.74,0.54,0.35,0.16,0.16,0.16,0.0,0.0,0.0,0.0,0.0,0.0,0.0,0.0,0.0,0.0,0.0"
20113,"0.98,0.92,0.86,0.72,0.57,0.38,0.25,0.06,0.01,0.0,0.0,0.0,0.0,0.0,0.0,0.0,0.0,0.0,0.0,0.0,0.0,0.0,0.0"
40110,"0.96,0.87,0.77,0.57,0.38,0.2,0.1,0.01,0.0,0.0,0.0,0.0,0.0,0.0,0.0,0.0,0.0,0.0,0.0,0.0,0.0,0.0,0.0"
3348,"0.92,0.75,0.59,0.32,0.14,0.04,0.01,0.0,0.0,0.0,0.0,0.0,0.0,0.0,0.0,0.0,0.0,0.0,0.0,0.0,0.0,0.0,0.0"
32540,"0.95,0.83,0.7,0.47,0.27,0.11,0.04,0.0,0.0,0.0,0.0,0.0,0.0,0.0,0.0,0.0,0.0,0.0,0.0,0.0,0.0,0.0,0.0"
42498,"0.77,0.4,0.19,0.03,0.0,0.0,0.0,0.0,0.0,0.0,0.0,0.0,0.0,0.0,0.0,0.0,0.0,0.0,0.0,0.0,0.0,0.0,0.0"
6679,"0.87,0.61,0.4,0.14,0.03,0.0,0.0,0.0,0.0,0.0,0.0,0.0,0.0,0.0,0.0,0.0,0.0,0.0,0.0,0.0,0.0,0.0,0.0"
7813,"0.73,0.34,0.14,0.01,0.0,0.0,0.0,0.0,0.0,0.0,0.0,0.0,0.0,0.0,0.0,0.0,0.0,0.0,0.0,0.0,0.0,0.0,0.0"
37572,"0.99,0.97,0.95,0.9,0.83,0.74,0.65,0.41,0.22,0.07,0.07,0.07,0.0,0.0,0.0,0.0,0.0,0.0,0.0,0.0,0.0,0.0,0.0"
14813,"0.73,0.33,0.13,0.01,0.0,0.0,0.0,0.0,0.0,0.0,0.0,0.0,0.0,0.0,0.0,0.0,0.0,0.0,0.0,0.0,0.0,0.0,0.0"
4799,"1.0,1.0,0.99,0.99,0.98,0.97,0.95,0.91,0.85,0.75,0.75,0.75,0.25,0.05,0.05,0.0,0.0,0.0,0.0,0.0,0.0,0.0,0.0"
37007,"1.0,0.99,0.99,0.98,0.96,0.93,0.91,0.82,0.71,0.55,0.55,0.55,0.06,0.0,0.0,0.0,0.0,0.0,0.0,0.0,0.0,0.0,0.0"
18365,"1.0,1.0,1.0,1.0,1.0,1.0,1.0,1.0,1.0,1.0,1.0,1.0,1.0,1.0,1.0,1.0,1.0,1.0,1.0,1.0,1.0,1.0,1.0"
4706,"0.88,0.64,0.43,0.17,0.05,0.01,0.0,0.0,0.0,0.0,0.0,0.0,0.0,0.0,0.0,0.0,0.0,0.0,0.0,0.0,0.0,0.0,0.0"
26602,"0.87,0.62,0.41,0.15,0.04,0.0,0.0,0.0,0.0,0.0,0.0,0.0,0.0,0.0,0.0,0.0,0.0,0.0,0.0,0.0,0.0,0.0,0.0"
31575,"0.36,0.03,0.0,0.0,0.0,0.0,0.0,0.0,0.0,0.0,0.0,0.0,0.0,0.0,0.0,0.0,0.0,0.0,0.0,0.0,0.0,0.0,0.0"
29192,"0.95,0.82,0.69,0.46,0.26,0.11,0.04,0.0,0.0,0.0,0.0,0.0,0.0,0.0,0.0,0.0,0.0,0.0,0.0,0.0,0.0,0.0,0.0"
25949,"1.0,1.0,1.0,1.0,1.0,1.0,1.0,1.0,1.0,1.0,1.0,1.0,1.0,1.0,1.0,1.0,1.0,1.0,1.0,1.0,1.0,1.0,1.0"
39639,"0.98,0.92,0.85,0.71,0.56,0.37,0.25,0.06,0.01,0.0,0.0,0.0,0.0,0.0,0.0,0.0,0.0,0.0,0.0,0.0,0.0,0.0,0.0"
7280,"1.0,1.0,1.0,1.0,1.0,1.0,1.0,1.0,1.0,1.0,1.0,1.0,0.98,0.95,0.95,0.85,0.85,0.85,0.85,0.85,0.85,0.85,0.85"
40396,"0.94,0.81,0.68,0.44,0.25,0.1,0.04,0.0,0.0,0.0,0.0,0.0,0.0,0.0,0.0,0.0,0.0,0.0,0.0,0.0,0.0,0.0,0.0"
13998,"0.47,0.07,0.01,0.0,0.0,0.0,0.0,0.0,0.0,0.0,0.0,0.0,0.0,0.0,0.0,0.0,0.0,0.0,0.0,0.0,0.0,0.0,0.0"
6655,"0.89,0.68,0.49,0.22,0.07,0.01,0.0,0.0,0.0,0.0,0.0,0.0,0.0,0.0,0.0,0.0,0.0,0.0,0.0,0.0,0.0,0.0,0.0"
42038,"0.96,0.85,0.75,0.54,0.34,0.16,0.08,0.01,0.0,0.0,0.0,0.0,0.0,0.0,0.0,0.0,0.0,0.0,0.0,0.0,0.0,0.0,0.0"
32859,"0.78,0.43,0.21,0.03,0.0,0.0,0.0,0.0,0.0,0.0,0.0,0.0,0.0,0.0,0.0,0.0,0.0,0.0,0.0,0.0,0.0,0.0,0.0"
8769,"0.47,0.07,0.01,0.0,0.0,0.0,0.0,0.0,0.0,0.0,0.0,0.0,0.0,0.0,0.0,0.0,0.0,0.0,0.0,0.0,0.0,0.0,0.0"
1631,"0.95,0.83,0.71,0.49,0.29,0.12,0.05,0.0,0.0,0.0,0.0,0.0,0.0,0.0,0.0,0.0,0.0,0.0,0.0,0.0,0.0,0.0,0.0"
933,"1.0,0.99,0.99,0.98,0.96,0.94,0.91,0.82,0.72,0.56,0.56,0.56,0.06,0.0,0.0,0.0,0.0,0.0,0.0,0.0,0.0,0.0,0.0"
19324,"0.91,0.72,0.55,0.28,0.11,0.02,0.01,0.0,0.0,0.0,0.0,0.0,0.0,0.0,0.0,0.0,0.0,0.0,0.0,0.0,0.0,0.0,0.0"
20344,"1.0,1.0,1.0,1.0,1.0,1.0,1.0,1.0,1.0,1.0,1.0,1.0,1.0,0.99,0.99,0.97,0.97,0.97,0.97,0.97,0.97,0.97,0.97"
16717,"0.97,0.9,0.83,0.67,0.5,0.31,0.19,0.03,0.0,0.0,0.0,0.0,0.0,0.0,0.0,0.0,0.0,0.0,0.0,0.0,0.0,0.0,0.0"
583,"0.89,0.67,0.48,0.2,0.07,0.01,0.0,0.0,0.0,0.0,0.0,0.0,0.0,0.0,0.0,0.0,0.0,0.0,0.0,0.0,0.0,0.0,0.0"
41207,"0.99,0.95,0.91,0.82,0.71,0.56,0.44,0.19,0.06,0.01,0.01,0.01,0.0,0.0,0.0,0.0,0.0,0.0,0.0,0.0,0.0,0.0,0.0"
12860,"0.85,0.57,0.36,0.11,0.02,0.0,0.0,0.0,0.0,0.0,0.0,0.0,0.0,0.0,0.0,0.0,0.0,0.0,0.0,0.0,0.0,0.0,0.0"
8134,"0.98,0.93,0.88,0.76,0.63,0.46,0.33,0.1,0.02,0.0,0.0,0.0,0.0,0.0,0.0,0.0,0.0,0.0,0.0,0.0,0.0,0.0,0.0"
31954,"0.99,0.98,0.97,0.93,0.89,0.82,0.75,0.55,0.36,0.17,0.17,0.17,0.0,0.0,0.0,0.0,0.0,0.0,0.0,0.0,0.0,0.0,0.0"
22495,"0.73,0.34,0.13,0.01,0.0,0.0,0.0,0.0,0.0,0.0,0.0,0.0,0.0,0.0,0.0,0.0,0.0,0.0,0.0,0.0,0.0,0.0,0.0"
7252,"0.88,0.65,0.45,0.18,0.05,0.01,0.0,0.0,0.0,0.0,0.0,0.0,0.0,0.0,0.0,0.0,0.0,0.0,0.0,0.0,0.0,0.0,0.0"
11469,"0.93,0.78,0.64,0.38,0.19,0.06,0.02,0.0,0.0,0.0,0.0,0.0,0.0,0.0,0.0,0.0,0.0,0.0,0.0,0.0,0.0,0.0,0.0"
5382,"0.97,0.9,0.82,0.66,0.49,0.3,0.18,0.03,0.0,0.0,0.0,0.0,0.0,0.0,0.0,0.0,0.0,0.0,0.0,0.0,0.0,0.0,0.0"
36678,"0.99,0.97,0.95,0.9,0.84,0.75,0.66,0.43,0.23,0.08,0.08,0.08,0.0,0.0,0.0,0.0,0.0,0.0,0.0,0.0,0.0,0.0,0.0"
1762,"1.0,0.99,0.98,0.96,0.93,0.89,0.84,0.71,0.55,0.36,0.36,0.36,0.01,0.0,0.0,0.0,0.0,0.0,0.0,0.0,0.0,0.0,0.0"
691,"0.8,0.47,0.24,0.05,0.01,0.0,0.0,0.0,0.0,0.0,0.0,0.0,0.0,0.0,0.0,0.0,0.0,0.0,0.0,0.0,0.0,0.0,0.0"
40547,"0.91,0.73,0.56,0.29,0.12,0.03,0.01,0.0,0.0,0.0,0.0,0.0,0.0,0.0,0.0,0.0,0.0,0.0,0.0,0.0,0.0,0.0,0.0"
8577,"0.41,0.04,0.0,0.0,0.0,0.0,0.0,0.0,0.0,0.0,0.0,0.0,0.0,0.0,0.0,0.0,0.0,0.0,0.0,0.0,0.0,0.0,0.0"
31681,"0.98,0.95,0.91,0.81,0.7,0.54,0.42,0.17,0.05,0.0,0.0,0.0,0.0,0.0,0.0,0.0,0.0,0.0,0.0,0.0,0.0,0.0,0.0"
39609,"0.95,0.85,0.74,0.52,0.33,0.16,0.07,0.0,0.0,0.0,0.0,0.0,0.0,0.0,0.0,0.0,0.0,0.0,0.0,0.0,0.0,0.0,0.0"
41242,"0.94,0.81,0.67,0.43,0.23,0.09,0.03,0.0,0.0,0.0,0.0,0.0,0.0,0.0,0.0,0.0,0.0,0.0,0.0,0.0,0.0,0.0,0.0"
26448,"0.87,0.61,0.4,0.14,0.04,0.0,0.0,0.0,0.0,0.0,0.0,0.0,0.0,0.0,0.0,0.0,0.0,0.0,0.0,0.0,0.0,0.0,0.0"
36284,"0.88,0.65,0.45,0.18,0.05,0.01,0.0,0.0,0.0,0.0,0.0,0.0,0.0,0.0,0.0,0.0,0.0,0.0,0.0,0.0,0.0,0.0,0.0"
32812,"1.0,1.0,1.0,1.0,1.0,1.0,1.0,0.99,0.99,0.98,0.98,0.98,0.91,0.82,0.82,0.53,0.53,0.53,0.53,0.53,0.53,0.53,0.53"
24929,"0.75,0.36,0.15,0.02,0.0,0.0,0.0,0.0,0.0,0.0,0.0,0.0,0.0,0.0,0.0,0.0,0.0,0.0,0.0,0.0,0.0,0.0,0.0"
3589,"0.93,0.78,0.63,0.37,0.18,0.06,0.02,0.0,0.0,0.0,0.0,0.0,0.0,0.0,0.0,0.0,0.0,0.0,0.0,0.0,0.0,0.0,0.0"
10335,"0.67,0.25,0.08,0.0,0.0,0.0,0.0,0.0,0.0,0.0,0.0,0.0,0.0,0.0,0.0,0.0,0.0,0.0,0.0,0.0,0.0,0.0,0.0"
33457,"1.0,1.0,0.99,0.99,0.98,0.97,0.95,0.9,0.84,0.73,0.73,0.73,0.23,0.04,0.04,0.0,0.0,0.0,0.0,0.0,0.0,0.0,0.0"
40395,"0.83,0.53,0.31,0.08,0.01,0.0,0.0,0.0,0.0,0.0,0.0,0.0,0.0,0.0,0.0,0.0,0.0,0.0,0.0,0.0,0.0,0.0,0.0"
40760,"0.7,0.29,0.1,0.01,0.0,0.0,0.0,0.0,0.0,0.0,0.0,0.0,0.0,0.0,0.0,0.0,0.0,0.0,0.0,0.0,0.0,0.0,0.0"
5274,"0.99,0.97,0.94,0.88,0.81,0.69,0.59,0.34,0.16,0.04,0.04,0.04,0.0,0.0,0.0,0.0,0.0,0.0,0.0,0.0,0.0,0.0,0.0"
40701,"0.99,0.97,0.94,0.88,0.8,0.69,0.59,0.33,0.15,0.04,0.04,0.04,0.0,0.0,0.0,0.0,0.0,0.0,0.0,0.0,0.0,0.0,0.0"
12847,"0.71,0.3,0.11,0.01,0.0,0.0,0.0,0.0,0.0,0.0,0.0,0.0,0.0,0.0,0.0,0.0,0.0,0.0,0.0,0.0,0.0,0.0,0.0"
35275,"1.0,1.0,1.0,1.0,1.0,0.99,0.99,0.98,0.96,0.94,0.94,0.94,0.73,0.5,0.5,0.11,0.11,0.11,0.11,0.11,0.11,0.11,0.11"
28846,"1.0,1.0,1.0,1.0,1.0,1.0,1.0,1.0,0.99,0.99,0.99,0.99,0.96,0.91,0.91,0.73,0.73,0.73,0.73,0.73,0.73,0.73,0.73"
37054,"1.0,0.99,0.97,0.94,0.9,0.84,0.78,0.6,0.42,0.22,0.22,0.22,0.0,0.0,0.0,0.0,0.0,0.0,0.0,0.0,0.0,0.0,0.0"
38903,"1.0,0.99,0.99,0.98,0.96,0.94,0.91,0.82,0.72,0.56,0.56,0.56,0.06,0.0,0.0,0.0,0.0,0.0,0.0,0.0,0.0,0.0,0.0"
7064,"0.84,0.55,0.33,0.09,0.02,0.0,0.0,0.0,0.0,0.0,0.0,0.0,0.0,0.0,0.0,0.0,0.0,0.0,0.0,0.0,0.0,0.0,0.0"
40895,"0.73,0.33,0.13,0.01,0.0,0.0,0.0,0.0,0.0,0.0,0.0,0.0,0.0,0.0,0.0,0.0,0.0,0.0,0.0,0.0,0.0,0.0,0.0"
23608,"0.98,0.92,0.85,0.71,0.55,0.37,0.24,0.05,0.01,0.0,0.0,0.0,0.0,0.0,0.0,0.0,0.0,0.0,0.0,0.0,0.0,0.0,0.0"
35629,"1.0,1.0,1.0,1.0,0.99,0.99,0.98,0.96,0.93,0.89,0.89,0.89,0.56,0.28,0.28,0.02,0.02,0.02,0.02,0.02,0.02,0.02,0.02"
14830,"0.99,0.97,0.95,0.89,0.82,0.72,0.63,0.38,0.2,0.06,0.06,0.06,0.0,0.0,0.0,0.0,0.0,0.0,0.0,0.0,0.0,0.0,0.0"
28174,"1.0,0.99,0.99,0.97,0.96,0.93,0.9,0.8,0.68,0.51,0.51,0.51,0.04,0.0,0.0,0.0,0.0,0.0,0.0,0.0,0.0,0.0,0.0"
32595,"1.0,1.0,1.0,1.0,1.0,1.0,1.0,1.0,1.0,1.0,1.0,1.0,1.0,0.99,0.99,0.98,0.98,0.98,0.98,0.98,0.98,0.98,0.98"
39965,"0.76,0.39,0.17,0.02,0.0,0.0,0.0,0.0,0.0,0.0,0.0,0.0,0.0,0.0,0.0,0.0,0.0,0.0,0.0,0.0,0.0,0.0,0.0"
3125,"0.9,0.69,0.5,0.23,0.08,0.01,0.0,0.0,0.0,0.0,0.0,0.0,0.0,0.0,0.0,0.0,0.0,0.0,0.0,0.0,0.0,0.0,0.0"
37205,"1.0,1.0,0.99,0.99,0.97,0.96,0.94,0.88,0.81,0.69,0.69,0.69,0.17,0.02,0.02,0.0,0.0,0.0,0.0,0.0,0.0,0.0,0.0"
39376,"1.0,0.99,0.97,0.94,0.91,0.85,0.79,0.61,0.44,0.24,0.24,0.24,0.0,0.0,0.0,0.0,0.0,0.0,0.0,0.0,0.0,0.0,0.0"
13306,"1.0,0.99,0.98,0.96,0.94,0.9,0.85,0.72,0.57,0.38,0.38,0.38,0.01,0.0,0.0,0.0,0.0,0.0,0.0,0.0,0.0,0.0,0.0"
32021,"0.81,0.47,0.25,0.05,0.01,0.0,0.0,0.0,0.0,0.0,0.0,0.0,0.0,0.0,0.0,0.0,0.0,0.0,0.0,0.0,0.0,0.0,0.0"
10062,"0.58,0.15,0.03,0.0,0.0,0.0,0.0,0.0,0.0,0.0,0.0,0.0,0.0,0.0,0.0,0.0,0.0,0.0,0.0,0.0,0.0,0.0,0.0"
37199,"0.97,0.91,0.84,0.69,0.53,0.34,0.22,0.04,0.0,0.0,0.0,0.0,0.0,0.0,0.0,0.0,0.0,0.0,0.0,0.0,0.0,0.0,0.0"
899,"1.0,1.0,1.0,1.0,1.0,1.0,1.0,0.99,0.99,0.98,0.98,0.98,0.93,0.84,0.84,0.58,0.58,0.58,0.58,0.58,0.58,0.58,0.58"
38291,"1.0,0.99,0.98,0.96,0.94,0.9,0.86,0.72,0.58,0.38,0.38,0.38,0.01,0.0,0.0,0.0,0.0,0.0,0.0,0.0,0.0,0.0,0.0"
3586,"0.93,0.79,0.64,0.39,0.2,0.07,0.02,0.0,0.0,0.0,0.0,0.0,0.0,0.0,0.0,0.0,0.0,0.0,0.0,0.0,0.0,0.0,0.0"
37417,"0.99,0.96,0.94,0.87,0.78,0.66,0.56,0.3,0.13,0.03,0.03,0.03,0.0,0.0,0.0,0.0,0.0,0.0,0.0,0.0,0.0,0.0,0.0"
35408,"1.0,1.0,1.0,1.0,1.0,1.0,1.0,1.0,1.0,0.99,0.99,0.99,0.97,0.93,0.93,0.78,0.78,0.78,0.78,0.78,0.78,0.78,0.78"
43503,"0.95,0.85,0.74,0.52,0.33,0.15,0.07,0.0,0.0,0.0,0.0,0.0,0.0,0.0,0.0,0.0,0.0,0.0,0.0,0.0,0.0,0.0,0.0"
26599,"0.99,0.98,0.97,0.93,0.88,0.8,0.73,0.53,0.34,0.15,0.15,0.15,0.0,0.0,0.0,0.0,0.0,0.0,0.0,0.0,0.0,0.0,0.0"
28025,"0.71,0.3,0.11,0.01,0.0,0.0,0.0,0.0,0.0,0.0,0.0,0.0,0.0,0.0,0.0,0.0,0.0,0.0,0.0,0.0,0.0,0.0,0.0"
35363,"1.0,0.99,0.99,0.97,0.95,0.92,0.89,0.79,0.67,0.5,0.5,0.5,0.03,0.0,0.0,0.0,0.0,0.0,0.0,0.0,0.0,0.0,0.0"
32651,"1.0,1.0,1.0,1.0,1.0,1.0,1.0,1.0,1.0,1.0,1.0,1.0,1.0,1.0,1.0,1.0,1.0,1.0,1.0,1.0,1.0,1.0,1.0"
39594,"0.98,0.94,0.9,0.8,0.68,0.52,0.39,0.15,0.04,0.0,0.0,0.0,0.0,0.0,0.0,0.0,0.0,0.0,0.0,0.0,0.0,0.0,0.0"
37312,"0.99,0.97,0.95,0.9,0.84,0.75,0.66,0.43,0.24,0.08,0.08,0.08,0.0,0.0,0.0,0.0,0.0,0.0,0.0,0.0,0.0,0.0,0.0"
18557,"0.69,0.28,0.09,0.01,0.0,0.0,0.0,0.0,0.0,0.0,0.0,0.0,0.0,0.0,0.0,0.0,0.0,0.0,0.0,0.0,0.0,0.0,0.0"
26419,"1.0,1.0,1.0,1.0,1.0,1.0,1.0,1.0,1.0,1.0,1.0,1.0,1.0,1.0,1.0,1.0,1.0,1.0,1.0,1.0,1.0,1.0,1.0"
22597,"0.85,0.55,0.34,0.1,0.02,0.0,0.0,0.0,0.0,0.0,0.0,0.0,0.0,0.0,0.0,0.0,0.0,0.0,0.0,0.0,0.0,0.0,0.0"
41238,"0.98,0.92,0.86,0.73,0.58,0.4,0.27,0.07,0.01,0.0,0.0,0.0,0.0,0.0,0.0,0.0,0.0,0.0,0.0,0.0,0.0,0.0,0.0"
20906,"0.56,0.13,0.02,0.0,0.0,0.0,0.0,0.0,0.0,0.0,0.0,0.0,0.0,0.0,0.0,0.0,0.0,0.0,0.0,0.0,0.0,0.0,0.0"
16834,"0.92,0.75,0.59,0.33,0.15,0.04,0.01,0.0,0.0,0.0,0.0,0.0,0.0,0.0,0.0,0.0,0.0,0.0,0.0,0.0,0.0,0.0,0.0"
17454,"0.74,0.34,0.14,0.01,0.0,0.0,0.0,0.0,0.0,0.0,0.0,0.0,0.0,0.0,0.0,0.0,0.0,0.0,0.0,0.0,0.0,0.0,0.0"
40725,"0.92,0.75,0.59,0.32,0.14,0.04,0.01,0.0,0.0,0.0,0.0,0.0,0.0,0.0,0.0,0.0,0.0,0.0,0.0,0.0,0.0,0.0,0.0"
10848,"0.64,0.21,0.06,0.0,0.0,0.0,0.0,0.0,0.0,0.0,0.0,0.0,0.0,0.0,0.0,0.0,0.0,0.0,0.0,0.0,0.0,0.0,0.0"
29475,"0.99,0.96,0.94,0.87,0.79,0.67,0.56,0.3,0.13,0.03,0.03,0.03,0.0,0.0,0.0,0.0,0.0,0.0,0.0,0.0,0.0,0.0,0.0"
37950,"1.0,1.0,0.99,0.99,0.98,0.96,0.94,0.89,0.81,0.7,0.7,0.7,0.18,0.02,0.02,0.0,0.0,0.0,0.0,0.0,0.0,0.0,0.0"
19129,"1.0,1.0,1.0,1.0,1.0,1.0,1.0,1.0,1.0,1.0,1.0,1.0,1.0,1.0,1.0,1.0,1.0,1.0,1.0,1.0,1.0,1.0,1.0"
7085,"0.93,0.79,0.64,0.39,0.2,0.07,0.02,0.0,0.0,0.0,0.0,0.0,0.0,0.0,0.0,0.0,0.0,0.0,0.0,0.0,0.0,0.0,0.0"
36214,"0.95,0.83,0.7,0.47,0.28,0.11,0.05,0.0,0.0,0.0,0.0,0.0,0.0,0.0,0.0,0.0,0.0,0.0,0.0,0.0,0.0,0.0,0.0"
22420,"1.0,1.0,1.0,1.0,1.0,1.0,1.0,1.0,1.0,1.0,1.0,1.0,1.0,1.0,1.0,1.0,1.0,1.0,1.0,1.0,1.0,1.0,1.0"
2460,"0.7,0.29,0.1,0.01,0.0,0.0,0.0,0.0,0.0,0.0,0.0,0.0,0.0,0.0,0.0,0.0,0.0,0.0,0.0,0.0,0.0,0.0,0.0"
38278,"0.99,0.98,0.96,0.92,0.87,0.79,0.71,0.49,0.3,0.12,0.12,0.12,0.0,0.0,0.0,0.0,0.0,0.0,0.0,0.0,0.0,0.0,0.0"
5384,"0.8,0.45,0.23,0.04,0.0,0.0,0.0,0.0,0.0,0.0,0.0,0.0,0.0,0.0,0.0,0.0,0.0,0.0,0.0,0.0,0.0,0.0,0.0"
13363,"0.7,0.29,0.1,0.01,0.0,0.0,0.0,0.0,0.0,0.0,0.0,0.0,0.0,0.0,0.0,0.0,0.0,0.0,0.0,0.0,0.0,0.0,0.0"
18948,"0.89,0.65,0.46,0.19,0.06,0.01,0.0,0.0,0.0,0.0,0.0,0.0,0.0,0.0,0.0,0.0,0.0,0.0,0.0,0.0,0.0,0.0,0.0"
942,"1.0,1.0,1.0,1.0,1.0,1.0,1.0,1.0,1.0,1.0,1.0,1.0,1.0,1.0,1.0,1.0,1.0,1.0,1.0,1.0,1.0,1.0,1.0"
32854,"0.67,0.25,0.08,0.0,0.0,0.0,0.0,0.0,0.0,0.0,0.0,0.0,0.0,0.0,0.0,0.0,0.0,0.0,0.0,0.0,0.0,0.0,0.0"
11672,"0.87,0.61,0.41,0.15,0.04,0.0,0.0,0.0,0.0,0.0,0.0,0.0,0.0,0.0,0.0,0.0,0.0,0.0,0.0,0.0,0.0,0.0,0.0"
19929,"0.82,0.5,0.28,0.07,0.01,0.0,0.0,0.0,0.0,0.0,0.0,0.0,0.0,0.0,0.0,0.0,0.0,0.0,0.0,0.0,0.0,0.0,0.0"
11279,"0.83,0.52,0.3,0.08,0.01,0.0,0.0,0.0,0.0,0.0,0.0,0.0,0.0,0.0,0.0,0.0,0.0,0.0,0.0,0.0,0.0,0.0,0.0"
1870,"0.89,0.67,0.48,0.21,0.07,0.01,0.0,0.0,0.0,0.0,0.0,0.0,0.0,0.0,0.0,0.0,0.0,0.0,0.0,0.0,0.0,0.0,0.0"
12124,"0.97,0.9,0.83,0.67,0.5,0.32,0.19,0.03,0.0,0.0,0.0,0.0,0.0,0.0,0.0,0.0,0.0,0.0,0.0,0.0,0.0,0.0,0.0"
32860,"1.0,1.0,1.0,1.0,1.0,1.0,1.0,1.0,1.0,1.0,1.0,1.0,0.99,0.98,0.98,0.93,0.93,0.93,0.93,0.93,0.93,0.93,0.93"
14493,"0.99,0.96,0.92,0.83,0.73,0.59,0.48,0.22,0.07,0.01,0.01,0.01,0.0,0.0,0.0,0.0,0.0,0.0,0.0,0.0,0.0,0.0,0.0"
1451,"1.0,1.0,1.0,1.0,1.0,1.0,1.0,1.0,1.0,1.0,1.0,1.0,1.0,1.0,1.0,1.0,1.0,1.0,1.0,1.0,1.0,1.0,1.0"
4699,"0.92,0.74,0.58,0.31,0.13,0.03,0.01,0.0,0.0,0.0,0.0,0.0,0.0,0.0,0.0,0.0,0.0,0.0,0.0,0.0,0.0,0.0,0.0"
31993,"0.85,0.56,0.35,0.1,0.02,0.0,0.0,0.0,0.0,0.0,0.0,0.0,0.0,0.0,0.0,0.0,0.0,0.0,0.0,0.0,0.0,0.0,0.0"
35053,"1.0,1.0,1.0,1.0,1.0,1.0,1.0,1.0,1.0,1.0,1.0,1.0,1.0,1.0,1.0,1.0,1.0,1.0,1.0,1.0,1.0,1.0,1.0"
20974,"0.53,0.11,0.02,0.0,0.0,0.0,0.0,0.0,0.0,0.0,0.0,0.0,0.0,0.0,0.0,0.0,0.0,0.0,0.0,0.0,0.0,0.0,0.0"
7226,"0.99,0.95,0.91,0.82,0.71,0.57,0.45,0.19,0.06,0.01,0.01,0.01,0.0,0.0,0.0,0.0,0.0,0.0,0.0,0.0,0.0,0.0,0.0"
41283,"0.96,0.87,0.78,0.59,0.41,0.22,0.11,0.01,0.0,0.0,0.0,0.0,0.0,0.0,0.0,0.0,0.0,0.0,0.0,0.0,0.0,0.0,0.0"
17455,"1.0,1.0,1.0,1.0,1.0,1.0,1.0,1.0,1.0,1.0,1.0,1.0,1.0,1.0,1.0,1.0,1.0,1.0,1.0,1.0,1.0,1.0,1.0"
39951,"1.0,0.99,0.98,0.96,0.92,0.88,0.83,0.68,0.52,0.32,0.32,0.32,0.0,0.0,0.0,0.0,0.0,0.0,0.0,0.0,0.0,0.0,0.0"
28904,"0.78,0.42,0.21,0.03,0.0,0.0,0.0,0.0,0.0,0.0,0.0,0.0,0.0,0.0,0.0,0.0,0.0,0.0,0.0,0.0,0.0,0.0,0.0"
7603,"0.97,0.89,0.81,0.64,0.47,0.28,0.16,0.02,0.0,0.0,0.0,0.0,0.0,0.0,0.0,0.0,0.0,0.0,0.0,0.0,0.0,0.0,0.0"
41616,"0.96,0.87,0.77,0.57,0.38,0.2,0.1,0.01,0.0,0.0,0.0,0.0,0.0,0.0,0.0,0.0,0.0,0.0,0.0,0.0,0.0,0.0,0.0"
10739,"0.97,0.89,0.8,0.62,0.44,0.25,0.14,0.02,0.0,0.0,0.0,0.0,0.0,0.0,0.0,0.0,0.0,0.0,0.0,0.0,0.0,0.0,0.0"
20084,"0.85,0.56,0.34,0.1,0.02,0.0,0.0,0.0,0.0,0.0,0.0,0.0,0.0,0.0,0.0,0.0,0.0,0.0,0.0,0.0,0.0,0.0,0.0"
20789,"0.78,0.43,0.21,0.04,0.0,0.0,0.0,0.0,0.0,0.0,0.0,0.0,0.0,0.0,0.0,0.0,0.0,0.0,0.0,0.0,0.0,0.0,0.0"
7630,"0.88,0.64,0.43,0.17,0.05,0.01,0.0,0.0,0.0,0.0,0.0,0.0,0.0,0.0,0.0,0.0,0.0,0.0,0.0,0.0,0.0,0.0,0.0"
32975,"0.9,0.68,0.49,0.22,0.08,0.01,0.0,0.0,0.0,0.0,0.0,0.0,0.0,0.0,0.0,0.0,0.0,0.0,0.0,0.0,0.0,0.0,0.0"
39907,"0.89,0.67,0.48,0.21,0.07,0.01,0.0,0.0,0.0,0.0,0.0,0.0,0.0,0.0,0.0,0.0,0.0,0.0,0.0,0.0,0.0,0.0,0.0"
27747,"0.56,0.13,0.02,0.0,0.0,0.0,0.0,0.0,0.0,0.0,0.0,0.0,0.0,0.0,0.0,0.0,0.0,0.0,0.0,0.0,0.0,0.0,0.0"
7707,"0.54,0.11,0.02,0.0,0.0,0.0,0.0,0.0,0.0,0.0,0.0,0.0,0.0,0.0,0.0,0.0,0.0,0.0,0.0,0.0,0.0,0.0,0.0"
32949,"0.98,0.94,0.88,0.77,0.64,0.47,0.34,0.11,0.02,0.0,0.0,0.0,0.0,0.0,0.0,0.0,0.0,0.0,0.0,0.0,0.0,0.0,0.0"
27409,"0.75,0.36,0.15,0.02,0.0,0.0,0.0,0.0,0.0,0.0,0.0,0.0,0.0,0.0,0.0,0.0,0.0,0.0,0.0,0.0,0.0,0.0,0.0"
7983,"1.0,0.99,0.99,0.98,0.96,0.93,0.9,0.81,0.7,0.54,0.54,0.54,0.05,0.0,0.0,0.0,0.0,0.0,0.0,0.0,0.0,0.0,0.0"
32555,"0.84,0.54,0.32,0.09,0.02,0.0,0.0,0.0,0.0,0.0,0.0,0.0,0.0,0.0,0.0,0.0,0.0,0.0,0.0,0.0,0.0,0.0,0.0"
9722,"0.99,0.97,0.94,0.88,0.81,0.7,0.6,0.35,0.17,0.04,0.04,0.04,0.0,0.0,0.0,0.0,0.0,0.0,0.0,0.0,0.0,0.0,0.0"
26895,"0.45,0.06,0.01,0.0,0.0,0.0,0.0,0.0,0.0,0.0,0.0,0.0,0.0,0.0,0.0,0.0,0.0,0.0,0.0,0.0,0.0,0.0,0.0"
40062,"0.96,0.88,0.79,0.6,0.41,0.23,0.12,0.01,0.0,0.0,0.0,0.0,0.0,0.0,0.0,0.0,0.0,0.0,0.0,0.0,0.0,0.0,0.0"
16366,"0.84,0.53,0.32,0.08,0.01,0.0,0.0,0.0,0.0,0.0,0.0,0.0,0.0,0.0,0.0,0.0,0.0,0.0,0.0,0.0,0.0,0.0,0.0"
3919,"0.28,0.01,0.0,0.0,0.0,0.0,0.0,0.0,0.0,0.0,0.0,0.0,0.0,0.0,0.0,0.0,0.0,0.0,0.0,0.0,0.0,0.0,0.0"
18069,"1.0,0.99,0.98,0.96,0.93,0.89,0.85,0.71,0.56,0.36,0.36,0.36,0.01,0.0,0.0,0.0,0.0,0.0,0.0,0.0,0.0,0.0,0.0"
40161,"0.99,0.96,0.94,0.87,0.78,0.66,0.56,0.3,0.13,0.03,0.03,0.03,0.0,0.0,0.0,0.0,0.0,0.0,0.0,0.0,0.0,0.0,0.0"
10246,"0.24,0.01,0.0,0.0,0.0,0.0,0.0,0.0,0.0,0.0,0.0,0.0,0.0,0.0,0.0,0.0,0.0,0.0,0.0,0.0,0.0,0.0,0.0"
13276,"0.65,0.22,0.06,0.0,0.0,0.0,0.0,0.0,0.0,0.0,0.0,0.0,0.0,0.0,0.0,0.0,0.0,0.0,0.0,0.0,0.0,0.0,0.0"
38553,"0.8,0.46,0.24,0.05,0.01,0.0,0.0,0.0,0.0,0.0,0.0,0.0,0.0,0.0,0.0,0.0,0.0,0.0,0.0,0.0,0.0,0.0,0.0"
14969,"0.83,0.52,0.29,0.07,0.01,0.0,0.0,0.0,0.0,0.0,0.0,0.0,0.0,0.0,0.0,0.0,0.0,0.0,0.0,0.0,0.0,0.0,0.0"
7191,"0.71,0.31,0.11,0.01,0.0,0.0,0.0,0.0,0.0,0.0,0.0,0.0,0.0,0.0,0.0,0.0,0.0,0.0,0.0,0.0,0.0,0.0,0.0"
22403,"0.54,0.12,0.02,0.0,0.0,0.0,0.0,0.0,0.0,0.0,0.0,0.0,0.0,0.0,0.0,0.0,0.0,0.0,0.0,0.0,0.0,0.0,0.0"
17964,"1.0,1.0,1.0,1.0,1.0,1.0,1.0,1.0,1.0,1.0,1.0,1.0,1.0,1.0,1.0,1.0,1.0,1.0,1.0,1.0,1.0,1.0,1.0"
11557,"0.98,0.94,0.89,0.79,0.66,0.5,0.37,0.13,0.03,0.0,0.0,0.0,0.0,0.0,0.0,0.0,0.0,0.0,0.0,0.0,0.0,0.0,0.0"
27073,"1.0,1.0,1.0,1.0,1.0,1.0,1.0,1.0,1.0,1.0,1.0,1.0,1.0,1.0,1.0,1.0,1.0,1.0,1.0,1.0,1.0,1.0,1.0"
39849,"0.97,0.9,0.82,0.65,0.48,0.29,0.17,0.03,0.0,0.0,0.0,0.0,0.0,0.0,0.0,0.0,0.0,0.0,0.0,0.0,0.0,0.0,0.0"
1203,"0.91,0.72,0.55,0.28,0.11,0.02,0.0,0.0,0.0,0.0,0.0,0.0,0.0,0.0,0.0,0.0,0.0,0.0,0.0,0.0,0.0,0.0,0.0"
13406,"1.0,1.0,1.0,1.0,1.0,1.0,1.0,1.0,1.0,1.0,1.0,1.0,1.0,0.99,0.99,0.98,0.98,0.98,0.98,0.98,0.98,0.98,0.98"
42478,"0.89,0.67,0.47,0.2,0.06,0.01,0.0,0.0,0.0,0.0,0.0,0.0,0.0,0.0,0.0,0.0,0.0,0.0,0.0,0.0,0.0,0.0,0.0"
3502,"1.0,1.0,1.0,1.0,1.0,0.99,0.99,0.98,0.97,0.95,0.95,0.95,0.77,0.56,0.56,0.15,0.15,0.15,0.15,0.15,0.15,0.15,0.15"
15194,"1.0,1.0,1.0,1.0,1.0,1.0,1.0,1.0,1.0,1.0,1.0,1.0,1.0,1.0,1.0,1.0,1.0,1.0,1.0,1.0,1.0,1.0,1.0"
17333,"0.94,0.8,0.66,0.42,0.22,0.08,0.03,0.0,0.0,0.0,0.0,0.0,0.0,0.0,0.0,0.0,0.0,0.0,0.0,0.0,0.0,0.0,0.0"
12816,"0.89,0.67,0.47,0.2,0.07,0.01,0.0,0.0,0.0,0.0,0.0,0.0,0.0,0.0,0.0,0.0,0.0,0.0,0.0,0.0,0.0,0.0,0.0"
28932,"1.0,1.0,1.0,1.0,1.0,1.0,1.0,1.0,1.0,1.0,1.0,1.0,1.0,1.0,1.0,0.99,0.99,0.99,0.99,0.99,0.99,0.99,0.99"
7028,"0.82,0.51,0.29,0.07,0.01,0.0,0.0,0.0,0.0,0.0,0.0,0.0,0.0,0.0,0.0,0.0,0.0,0.0,0.0,0.0,0.0,0.0,0.0"
11116,"0.94,0.82,0.69,0.45,0.25,0.1,0.04,0.0,0.0,0.0,0.0,0.0,0.0,0.0,0.0,0.0,0.0,0.0,0.0,0.0,0.0,0.0,0.0"
28024,"0.98,0.93,0.88,0.77,0.64,0.47,0.34,0.11,0.02,0.0,0.0,0.0,0.0,0.0,0.0,0.0,0.0,0.0,0.0,0.0,0.0,0.0,0.0"
37115,"1.0,0.99,0.98,0.96,0.92,0.88,0.83,0.68,0.52,0.32,0.32,0.32,0.0,0.0,0.0,0.0,0.0,0.0,0.0,0.0,0.0,0.0,0.0"
33890,"1.0,1.0,1.0,1.0,1.0,1.0,1.0,1.0,1.0,1.0,1.0,1.0,1.0,1.0,1.0,1.0,1.0,1.0,1.0,1.0,1.0,1.0,1.0"
34813,"0.75,0.36,0.15,0.02,0.0,0.0,0.0,0.0,0.0,0.0,0.0,0.0,0.0,0.0,0.0,0.0,0.0,0.0,0.0,0.0,0.0,0.0,0.0"
3512,"1.0,1.0,1.0,1.0,0.99,0.99,0.98,0.97,0.94,0.9,0.9,0.9,0.6,0.33,0.33,0.03,0.03,0.03,0.03,0.03,0.03,0.03,0.03"
42856,"0.94,0.82,0.69,0.46,0.26,0.1,0.04,0.0,0.0,0.0,0.0,0.0,0.0,0.0,0.0,0.0,0.0,0.0,0.0,0.0,0.0,0.0,0.0"
35049,"0.99,0.98,0.96,0.92,0.87,0.79,0.71,0.49,0.3,0.12,0.12,0.12,0.0,0.0,0.0,0.0,0.0,0.0,0.0,0.0,0.0,0.0,0.0"
12631,"0.86,0.59,0.38,0.12,0.03,0.0,0.0,0.0,0.0,0.0,0.0,0.0,0.0,0.0,0.0,0.0,0.0,0.0,0.0,0.0,0.0,0.0,0.0"
23262,"0.89,0.66,0.47,0.2,0.06,0.01,0.0,0.0,0.0,0.0,0.0,0.0,0.0,0.0,0.0,0.0,0.0,0.0,0.0,0.0,0.0,0.0,0.0"
41010,"0.98,0.92,0.86,0.72,0.57,0.39,0.26,0.06,0.01,0.0,0.0,0.0,0.0,0.0,0.0,0.0,0.0,0.0,0.0,0.0,0.0,0.0,0.0"
32341,"0.82,0.5,0.28,0.07,0.01,0.0,0.0,0.0,0.0,0.0,0.0,0.0,0.0,0.0,0.0,0.0,0.0,0.0,0.0,0.0,0.0,0.0,0.0"
10318,"0.99,0.98,0.96,0.91,0.85,0.76,0.68,0.45,0.25,0.09,0.09,0.09,0.0,0.0,0.0,0.0,0.0,0.0,0.0,0.0,0.0,0.0,0.0"
11576,"0.95,0.84,0.72,0.49,0.3,0.13,0.06,0.0,0.0,0.0,0.0,0.0,0.0,0.0,0.0,0.0,0.0,0.0,0.0,0.0,0.0,0.0,0.0"
29233,"1.0,1.0,1.0,1.0,1.0,1.0,1.0,1.0,1.0,1.0,1.0,1.0,1.0,1.0,1.0,1.0,1.0,1.0,1.0,1.0,1.0,1.0,1.0"
768,"1.0,1.0,1.0,1.0,0.99,0.99,0.98,0.97,0.94,0.9,0.9,0.9,0.61,0.33,0.33,0.03,0.03,0.03,0.03,0.03,0.03,0.03,0.03"
29227,"0.92,0.75,0.59,0.32,0.15,0.04,0.01,0.0,0.0,0.0,0.0,0.0,0.0,0.0,0.0,0.0,0.0,0.0,0.0,0.0,0.0,0.0,0.0"
761,"1.0,1.0,1.0,1.0,1.0,1.0,1.0,1.0,1.0,1.0,1.0,1.0,1.0,1.0,1.0,1.0,1.0,1.0,1.0,1.0,1.0,1.0,1.0"
12208,"0.99,0.97,0.94,0.87,0.79,0.68,0.58,0.32,0.14,0.03,0.03,0.03,0.0,0.0,0.0,0.0,0.0,0.0,0.0,0.0,0.0,0.0,0.0"
32324,"1.0,1.0,1.0,1.0,1.0,1.0,1.0,1.0,1.0,1.0,1.0,1.0,1.0,1.0,1.0,1.0,1.0,1.0,1.0,1.0,1.0,1.0,1.0"
7442,"0.98,0.92,0.86,0.73,0.58,0.4,0.27,0.07,0.01,0.0,0.0,0.0,0.0,0.0,0.0,0.0,0.0,0.0,0.0,0.0,0.0,0.0,0.0"
2254,"1.0,1.0,0.99,0.99,0.98,0.97,0.95,0.91,0.85,0.75,0.75,0.75,0.26,0.05,0.05,0.0,0.0,0.0,0.0,0.0,0.0,0.0,0.0"
35360,"1.0,1.0,1.0,1.0,1.0,1.0,1.0,1.0,0.99,0.99,0.99,0.99,0.96,0.91,0.91,0.74,0.74,0.74,0.74,0.74,0.74,0.74,0.74"
41158,"0.76,0.38,0.17,0.02,0.0,0.0,0.0,0.0,0.0,0.0,0.0,0.0,0.0,0.0,0.0,0.0,0.0,0.0,0.0,0.0,0.0,0.0,0.0"
37839,"0.99,0.98,0.96,0.93,0.88,0.8,0.73,0.52,0.33,0.15,0.15,0.15,0.0,0.0,0.0,0.0,0.0,0.0,0.0,0.0,0.0,0.0,0.0"
42258,"0.94,0.8,0.66,0.41,0.22,0.08,0.03,0.0,0.0,0.0,0.0,0.0,0.0,0.0,0.0,0.0,0.0,0.0,0.0,0.0,0.0,0.0,0.0"
37805,"0.97,0.91,0.85,0.7,0.54,0.36,0.23,0.05,0.01,0.0,0.0,0.0,0.0,0.0,0.0,0.0,0.0,0.0,0.0,0.0,0.0,0.0,0.0"
40862,"0.88,0.63,0.43,0.17,0.05,0.01,0.0,0.0,0.0,0.0,0.0,0.0,0.0,0.0,0.0,0.0,0.0,0.0,0.0,0.0,0.0,0.0,0.0"
10328,"0.99,0.95,0.92,0.83,0.73,0.59,0.47,0.21,0.07,0.01,0.01,0.01,0.0,0.0,0.0,0.0,0.0,0.0,0.0,0.0,0.0,0.0,0.0"
15808,"1.0,1.0,0.99,0.99,0.98,0.96,0.95,0.9,0.83,0.72,0.72,0.72,0.21,0.03,0.03,0.0,0.0,0.0,0.0,0.0,0.0,0.0,0.0"
1945,"0.86,0.59,0.38,0.13,0.03,0.0,0.0,0.0,0.0,0.0,0.0,0.0,0.0,0.0,0.0,0.0,0.0,0.0,0.0,0.0,0.0,0.0,0.0"
10892,"0.97,0.9,0.83,0.67,0.5,0.31,0.19,0.03,0.0,0.0,0.0,0.0,0.0,0.0,0.0,0.0,0.0,0.0,0.0,0.0,0.0,0.0,0.0"
28704,"1.0,1.0,1.0,1.0,1.0,1.0,1.0,1.0,1.0,1.0,1.0,1.0,1.0,1.0,1.0,1.0,1.0,1.0,1.0,1.0,1.0,1.0,1.0"
1738,"0.67,0.25,0.07,0.0,0.0,0.0,0.0,0.0,0.0,0.0,0.0,0.0,0.0,0.0,0.0,0.0,0.0,0.0,0.0,0.0,0.0,0.0,0.0"
39471,"0.96,0.87,0.77,0.57,0.38,0.2,0.1,0.01,0.0,0.0,0.0,0.0,0.0,0.0,0.0,0.0,0.0,0.0,0.0,0.0,0.0,0.0,0.0"
